tabela_id;arquivo;pagina;linha;secao;item;codigo;descricao;quantidade;etapa1;etapa2;unidade;obs
004_p1_t0;004-SAA-0017-7471-PBHI-DE-0001ETAVILACLAYOUTPROCES-R5.pdf;1;1;;40;306847;TUBO FD K-9 PP (5,8M) DN150;;00;13,00;m;tabela com titulo em caixa RETORNO LODO DECANTADO (titulo da tabela, nao linha de secao) | sem coluna quantidade, so 1a/2a etapa
004_p1_t0;004-SAA-0017-7471-PBHI-DE-0001ETAVILACLAYOUTPROCES-R5.pdf;1;2;;41;3506;CURVA FD JE 2GS BB 45 DN150;;00;04;pç;
004_p1_t0;004-SAA-0017-7471-PBHI-DE-0001ETAVILACLAYOUTPROCES-R5.pdf;1;3;;42;134457;TUBO FD K-7 JE 2GS PB NBR 7675 / JE ISO 2531 PB (5,5 OU 6,0M) DN 150;;00;05;pç;"a barra "" / "" eh texto impresso, nao quebra de linha"
004_p1_t1;004-SAA-0017-7471-PBHI-DE-0001ETAVILACLAYOUTPROCES-R5.pdf;1;1;;20;134554;TUBO FD PF PN10 MEDIDAS DE 3,51 ATE 4,00 METROS DN900 (Comprim. 3,80m);;00;01;pç;
004_p1_t1;004-SAA-0017-7471-PBHI-DE-0001ETAVILACLAYOUTPROCES-R5.pdf;1;2;;21;306858;TUBO FD K-9 PP (6,8M) DN900;;00;11,00;m;borda inferior tracejada nas colunas 2a etapa/UN (não é risco)
004_p1_t1;004-SAA-0017-7471-PBHI-DE-0001ETAVILACLAYOUTPROCES-R5.pdf;1;3;;22;4804;CURVA FD JE 2GS BB 45 DN900;;00;04;pç;
004_p1_t1;004-SAA-0017-7471-PBHI-DE-0001ETAVILACLAYOUTPROCES-R5.pdf;1;4;;23;134554;TUBO FD K-7 JE 2GS PB NBR 7675 / JE ISO 2531 (5,5 OU 6,0 OU 7,0M) DN 900;;00;04;pç;
004_p1_t1;004-SAA-0017-7471-PBHI-DE-0001ETAVILACLAYOUTPROCES-R5.pdf;1;5;;S/N;308783;ABA DE VEDACAO ESPECIAL ACO CARBONO ASTM A1018 SS GR 40 EPOXI AZUL 1000 UM ESP 6,35MM AWWA C200 C210 NBR 7560 PN10 DE945 DN900 (Observação: Descentralizada -ver;;00;01 / 13,76;pç / kg/m;"célula empilhada (01 pç sobre 13,76 kg/m) separada por linha tracejada; na 1a etapa aparece ""0 - - - 00"" com a linha tracejada passando sobre os zeros: lido como 00 (zero), não como riscado; ambíguo se seriam dois valores 00 / 00. Descrição truncada no próprio desenho (""-ver""). Título da tabela ""SAÍDA ÁGUA TRATADA"" é título, não seção. unidade kg/m fora da lista normalizada, mantida"
004_p1_t10;004-SAA-0017-7471-PBHI-DE-0001ETAVILACLAYOUTPROCES-R5.pdf;1;1;;50;306848;TUBO FD K-9 PP (5,8M) DN200;;02,00;00,00;pç;"título SAÍDA LODO DECANTADO - ACTIFLO 360 LITRS/ACTIFLO 600 LITROS (sem seção); colunas 1ª/2ª ETAPA, sem QTDE; un pç em tubo (impresso assim)"
004_p1_t10;004-SAA-0017-7471-PBHI-DE-0001ETAVILACLAYOUTPROCES-R5.pdf;1;2;;51;4502;CURVA FD JE 2GS BB 45 DN200;;04;00;pç;"unidade impressa em maiúsculas PÇ; código de 4 dígitos"
004_p1_t10;004-SAA-0017-7471-PBHI-DE-0001ETAVILACLAYOUTPROCES-R5.pdf;1;3;;52;134465;TUBO FD K-7 JE 2GS PB NBR 7675 / JE ISO 2531 PB (5,5 OU 6,0M) DN 200;;13;00;pç;"traço tracejado sob a célula de 2ª ETAPA/UN (não é riscado); "" / "" faz parte do texto"
004_p1_t10;004-SAA-0017-7471-PBHI-DE-0001ETAVILACLAYOUTPROCES-R5.pdf;1;4;;53;299763;TUBO FD K9 FF (SOLDA INTERFERENCIA) PN10 MEDINDO 5,80 M DN300;;01;00;pç;
004_p1_t10;004-SAA-0017-7471-PBHI-DE-0001ETAVILACLAYOUTPROCES-R5.pdf;1;5;;54;317151;TUBO FD K9 FF (SOLDA INTERFERENCIA) PN10 MEDINDO 3,50M DN300;;01;00;pç;
004_p1_t10;004-SAA-0017-7471-PBHI-DE-0001ETAVILACLAYOUTPROCES-R5.pdf;1;6;;S/N;326628;KIT PARAFUSO PORCA ARRUELA LISA ACO CARBONO ARRUELA VEDACAO FURACAO PN10 NBR 7675 DN300;;02;00;pç;
004_p1_t2;004-SAA-0017-7471-PBHI-DE-0001ETAVILACLAYOUTPROCES-R5.pdf;1;1;;10;306858;TUBO FD K-9 PP (6,8M) DN900;;00;2,80;m;"título SAÍDA DE ÁGUA FILTRADA (sem seção); colunas 1ª/2ª ETAPA, sem QTDE"
004_p1_t2;004-SAA-0017-7471-PBHI-DE-0001ETAVILACLAYOUTPROCES-R5.pdf;1;2;;11;134554;TUBO FD K-7 JE 2GS PB NBR 7675 / JE ISO 2531 (5,5 OU 6,0 OU 7,0M) DN 900;;00;04;pç;""" / "" faz parte do texto"
004_p1_t2;004-SAA-0017-7471-PBHI-DE-0001ETAVILACLAYOUTPROCES-R5.pdf;1;3;;12;4804;CURVA FD JE 2GS BB 45 DN900;;00;01;pç;"traço tracejado sob a célula de 2ª ETAPA/UN (não é riscado); código de 4 dígitos"
004_p1_t3;004-SAA-0017-7471-PBHI-DE-0001ETAVILACLAYOUTPROCES-R5.pdf;1;1;;60;298739;TUBO POLIETILENO PE 100 PN10 (BARRA COM 6,0 M) DE 63;;00;94,00;m;"título da tabela: RECALQUE LODO ACTIFLO 360/600 LITROS - RETORNO CLARIFICADO ETL - ""PN10"" sem espaço impresso nesta linha"
004_p1_t3;004-SAA-0017-7471-PBHI-DE-0001ETAVILACLAYOUTPROCES-R5.pdf;1;2;;61;311848;CURVA POLIETILENO INJETADA 45 TERMOFUSAO PE 100 PN 10 DE 63;;00;06;pç;
004_p1_t3;004-SAA-0017-7471-PBHI-DE-0001ETAVILACLAYOUTPROCES-R5.pdf;1;3;;62;298743;TUBO POLIETILENO PE 100 PN 10 (BARRA COM 6,0 M) DE 110;;00;90,00;m;
004_p1_t3;004-SAA-0017-7471-PBHI-DE-0001ETAVILACLAYOUTPROCES-R5.pdf;1;4;;63;312046;CURVA POLIETILENO INJETADA 45 TERMOFUSAO PE 100 PN 10 DE 110;;00;06;pç;
004_p1_t4;004-SAA-0017-7471-PBHI-DE-0001ETAVILACLAYOUTPROCES-R5.pdf;1;1;;70;284441;TUBO POLIETILENO PE 100 PN 10 (BARRA COM 6,0 M) DE 160;;00;64,00;m;título da tabela: RETORNO LODO EXCEDENTE
004_p1_t4;004-SAA-0017-7471-PBHI-DE-0001ETAVILACLAYOUTPROCES-R5.pdf;1;2;;71;309985;CURVA POLIETILENO INJETADA 90 TERMOFUSAO PE 100 PN 10 DE 160;;00;04;pç;
004_p1_t4;004-SAA-0017-7471-PBHI-DE-0001ETAVILACLAYOUTPROCES-R5.pdf;1;3;;72;312047;CURVA POLIETILENO INJETADA 45 TERMOFUSAO PE 100 PN 10 DE 160;;00;02;pç;borda inferior das células 2ª ETAPA/UN tracejada (artefato de desenho) - não é risco
004_p1_t4;004-SAA-0017-7471-PBHI-DE-0001ETAVILACLAYOUTPROCES-R5.pdf;1;4;;73;309717;TE REDUÇÃO POLIETILENO INJETADO TERMOFUSAO PE 100 PN 10 DE 160 DE 63;;00;02;pç;
004_p1_t4;004-SAA-0017-7471-PBHI-DE-0001ETAVILACLAYOUTPROCES-R5.pdf;1;5;;74;309898;COLARINHO POLIETILENO INJETADO TERMOFUSAO PE 100 PN 10 DE 63;;00;01;pç;
004_p1_t4;004-SAA-0017-7471-PBHI-DE-0001ETAVILACLAYOUTPROCES-R5.pdf;1;6;;75;301206;FLANGE MACHO PVC SCH80 SOLDAVEL PN10 DE63MM ASTM D2467 NSF/ANSI STD 14&61 FDA 21;;00;01;pç;"""DE63MM"" sem espaço"
004_p1_t4;004-SAA-0017-7471-PBHI-DE-0001ETAVILACLAYOUTPROCES-R5.pdf;1;7;;76;309244;TUBO POLIETILENO PE 100 PN 10 (BARRA COM 6,0 M) DE 63;;00;31,00;m;
004_p1_t4;004-SAA-0017-7471-PBHI-DE-0001ETAVILACLAYOUTPROCES-R5.pdf;1;8;;77;309615;TE POLIETILENO INJETADO TERMOFUSAO PE 100 PN 10 DE 63;;00;02;pç;
004_p1_t4;004-SAA-0017-7471-PBHI-DE-0001ETAVILACLAYOUTPROCES-R5.pdf;1;9;;78;309982;CURVA POLIETILENO INJETADA 90 TERMOFUSAO PE 100 PN 10 DE 63;;00;01;pç;
004_p1_t5;004-SAA-0017-7471-PBHI-DE-0001ETAVILACLAYOUTPROCES-R5.pdf;1;1;;80;306050;TUBO FD PF PN 10 MEDIDAS DE 2,51 ATE 3,00 M DN 300 (Comprim. 2,80m);;00;01;pç;titulo em caixa RETORNO LODO EEE FILTRO NOVO (titulo, nao secao)
004_p1_t5;004-SAA-0017-7471-PBHI-DE-0001ETAVILACLAYOUTPROCES-R5.pdf;1;2;;81;84450;CURVA FD JE 2GS BB 45º DN 300;;00;02;pç;simbolo º (ordinal) apos 45
004_p1_t5;004-SAA-0017-7471-PBHI-DE-0001ETAVILACLAYOUTPROCES-R5.pdf;1;3;;82;306850;TUBO FD K-9 PP (5,8M) DN 300;;00;3,70;m;
004_p1_t5;004-SAA-0017-7471-PBHI-DE-0001ETAVILACLAYOUTPROCES-R5.pdf;1;4;;83;134481;TUBO FD K-7 JE 2GS PB NBR 7675 / JE ISO 2531 PB (5,5 OU 6,0M) DN 300;;00;03;pç;
004_p1_t6;004-SAA-0017-7471-PBHI-DE-0001ETAVILACLAYOUTPROCES-R5.pdf;1;1;;100;306847;TUBO FD K-9 PP (5,8M) DN150;;12,00;12,00;m;título da tabela: RETORNO LODO EEE FLOTOFILTRO/DRENAGEM MOD. TRATAMENTO MICRO AREIA 600 LITROS - nenhum valor riscado (OCR marcou etapa2 riscado indevidamente)
004_p1_t6;004-SAA-0017-7471-PBHI-DE-0001ETAVILACLAYOUTPROCES-R5.pdf;1;2;;101;134457;TUBO FD K-7 JE 2GS PB NBR 7675 / JE ISO 2531 PB (5,5 OU 6,0M) DN 150;;12,00;16,00;m;
004_p1_t6;004-SAA-0017-7471-PBHI-DE-0001ETAVILACLAYOUTPROCES-R5.pdf;1;3;;102;11487;TE FD JE 2GS BBB DN150;;01;01;pç;código com 5 dígitos
004_p1_t6;004-SAA-0017-7471-PBHI-DE-0001ETAVILACLAYOUTPROCES-R5.pdf;1;4;;103;3875;CURVA FD JE 2GS BB 90 DN150;;01;01;pç;código com 4 dígitos
004_p1_t7;004-SAA-0017-7471-PBHI-DE-0001ETAVILACLAYOUTPROCES-R5.pdf;1;1;;90;3875;CURVA FD JE 2GS BB 90 DN150;;01;;pç;
004_p1_t7;004-SAA-0017-7471-PBHI-DE-0001ETAVILACLAYOUTPROCES-R5.pdf;1;2;;91;306847;TUBO FD K-9 PP (5,8M) DN150;;15;;m;
004_p1_t7;004-SAA-0017-7471-PBHI-DE-0001ETAVILACLAYOUTPROCES-R5.pdf;1;3;;92;11487;TE FD JE 2GS BBB DN150;;03;;pç;
004_p1_t7;004-SAA-0017-7471-PBHI-DE-0001ETAVILACLAYOUTPROCES-R5.pdf;1;4;;93;134457;TUBO FD K-7 JE 2GS PB NBR 7675 / JE ISO 2531 PB (5,5 OU 6,0M) DN 150;;02;;pç;"tabela só tem coluna 1a ETAPA; título ""RETORNO LODO EEE FLOTOFILTRO"" é título, não seção"
004_p1_t8;004-SAA-0017-7471-PBHI-DE-0001ETAVILACLAYOUTPROCES-R5.pdf;1;1;;01;306859;TUBO FD K-9 PP (6,8M) DN1000;;6,50;;m;títulos: RELAÇÃO DE MATERIAIS / ENTRADA ADUTORA ÁGUA BRUTA - tabela só tem coluna 1ª ETAPA (sem 2ª etapa)
004_p1_t8;004-SAA-0017-7471-PBHI-DE-0001ETAVILACLAYOUTPROCES-R5.pdf;1;2;;02;134562;TUBO FD K-7 JE 2GS PB NBR 7675 / JE ISO 2531 PB (5,5 OU 6,0 OU 7,0M) DN 1000;;07;;pç;
004_p1_t8;004-SAA-0017-7471-PBHI-DE-0001ETAVILACLAYOUTPROCES-R5.pdf;1;3;;03;288172;CURVA FD JE 2GS BB 45 DN1000;;02;;pç;
004_p1_t9;004-SAA-0017-7471-PBHI-DE-0001ETAVILACLAYOUTPROCES-R5.pdf;1;1;;30;307034;EXTREMIDADE FD PF 700MM COM ABA DE VEDACAO PN10 DN1200;;00;02;pç;titulo em caixa AMPLIACAO SAIDA EXISTENTE (titulo, nao secao)
004_p1_t9;004-SAA-0017-7471-PBHI-DE-0001ETAVILACLAYOUTPROCES-R5.pdf;1;2;;31;315280;VALVULA BORBOLETA BIEXCENTRICA FD MECANISMO REDUCAO E VOLANTE VEDACAO EPDM HASTE DISCO INOX 316 BLOQUEIO FF (FACES 305MM) NBR 7675 PN 10 DN 1200;;00;02;pç;descricao em 2 linhas | unidade impressa em maiusculas PÇ
004_p1_t9;004-SAA-0017-7471-PBHI-DE-0001ETAVILACLAYOUTPROCES-R5.pdf;1;3;;32;288183;JUNTA DE DESMONTAGEM TRAVADA ACO/FD PN10 DN1200;;00;02;pç;
004_p1_t9;004-SAA-0017-7471-PBHI-DE-0001ETAVILACLAYOUTPROCES-R5.pdf;1;4;;33;306179;TUBO FD K12 PF (SOLDA NIQUEL) PN10 MEDINDO 6,80M DN1200;;00;01;pç;
004_p1_t9;004-SAA-0017-7471-PBHI-DE-0001ETAVILACLAYOUTPROCES-R5.pdf;1;5;;33a;306179;TUBO FD K12 PF (SOLDA NIQUEL) PN10 MEDINDO 6,80M DN1200 ( COMPRIMENTO 4,40m);;00;01;pç;item com sufixo de letra 33a | espaco apos parentese impresso
004_p1_t9;004-SAA-0017-7471-PBHI-DE-0001ETAVILACLAYOUTPROCES-R5.pdf;1;6;;34;133094;TUBO FD K-7 JE 2GS PB NBR 7675 / JE ISO 2531 (5,5 OU 6,0 OU 7,0M) DN 1200 (COMPRIMENTO 2,80m);;00;01;pç;descricao longa ocupa toda a celula
004_p1_t9;004-SAA-0017-7471-PBHI-DE-0001ETAVILACLAYOUTPROCES-R5.pdf;1;7;;35;308147;CURVA FD FF 90 PN10 DN1200;;00;02;pç;
004_p1_t9;004-SAA-0017-7471-PBHI-DE-0001ETAVILACLAYOUTPROCES-R5.pdf;1;8;;36;306916;TOCO DE TUBO FD FF PN10 MEDINDO 0,25M DN1200;;00;02;pç;
004_p1_t9;004-SAA-0017-7471-PBHI-DE-0001ETAVILACLAYOUTPROCES-R5.pdf;1;9;;37;305525;EXTREMIDADE FD JE 2GS BF 230MM PN10 DN1200;;00;02;pç;
004_p1_t9;004-SAA-0017-7471-PBHI-DE-0001ETAVILACLAYOUTPROCES-R5.pdf;1;10;;38;307720;TE FD FFF PN10 DN1200;;00;01;pç;
004_p1_t9;004-SAA-0017-7471-PBHI-DE-0001ETAVILACLAYOUTPROCES-R5.pdf;1;11;;39;73210;FLANGE FD CEGO COM FURACAO PN10 DN1200;;00;01;pç;codigo de 5 digitos
004_p1_t9;004-SAA-0017-7471-PBHI-DE-0001ETAVILACLAYOUTPROCES-R5.pdf;1;12;;S/N;112895;KIT PARAFUSO PORCA ARRUELA LISA ACO CARBONO ARRUELA VEDACAO FURACAO PN10 NBR 7675 DN1200;;00;10;pç;2a linha da descricao (DN1200) transborda sobre a borda inferior da celula | ultima linha da tabela vazia (ignorada)
008_p1_t0;008-SAA-0017-7471-PBHI-DE-0001ETAVILACLAYGERAGUAPO-R2.pdf;1;1;ETA-REDE DE DISTRIBUIÇÃO DE ÁGUA POTÁVEL;S/N;323906;CURVA 90° PVC-U JS BB PN750KPA NBR 5648 DE32;08;;;un;"unidade impressa UD; símbolo de grau após 90"
008_p1_t0;008-SAA-0017-7471-PBHI-DE-0001ETAVILACLAYGERAGUAPO-R2.pdf;1;2;ETA-REDE DE DISTRIBUIÇÃO DE ÁGUA POTÁVEL;S/N;301253;LUVA PVC-U JS BB PN750KPA NBR 5648 DE32;03;;;un;unidade impressa UD
008_p1_t0;008-SAA-0017-7471-PBHI-DE-0001ETAVILACLAYGERAGUAPO-R2.pdf;1;3;ETA-REDE DE DISTRIBUIÇÃO DE ÁGUA POTÁVEL;S/N;328467;TE 90 PVC-U JS BBB PN750KPA NBR 5648 DE32;17;;;un;"unidade impressa UD; aqui 90 sem símbolo de grau"
008_p1_t0;008-SAA-0017-7471-PBHI-DE-0001ETAVILACLAYGERAGUAPO-R2.pdf;1;4;ETA-REDE DE DISTRIBUIÇÃO DE ÁGUA POTÁVEL;S/N;323881;CURVA 45° PVC-U JS BB PN750KPA NBR 5648 DE32;01;;;un;unidade impressa UD
008_p1_t0;008-SAA-0017-7471-PBHI-DE-0001ETAVILACLAYGERAGUAPO-R2.pdf;1;5;ETA-REDE DE DISTRIBUIÇÃO DE ÁGUA POTÁVEL;S/N;027499;TUBO PVC-U JS PB PN750KPA NBR 5648 (6M) DE32 DN25;621,85;;;m;código com zero à esquerda
008_p1_t0;008-SAA-0017-7471-PBHI-DE-0001ETAVILACLAYGERAGUAPO-R2.pdf;1;6;ETA-PONTO DE ÁGUA (09 TORNEIRAS);*01;308964;TUBO PVC-U JS PB PN750KPA NBR 5648 (3M) DE32 DN25;9,00;;;m;"seção em caixa própria com novo cabeçalho de colunas; asterisco remete à nota ""* MATERIAL PARA 09 PONTOS"" (linha de nota, não item)"
008_p1_t0;008-SAA-0017-7471-PBHI-DE-0001ETAVILACLAYGERAGUAPO-R2.pdf;1;7;ETA-PONTO DE ÁGUA (09 TORNEIRAS);*02;326406;JOELHO 90° PVC-U JS BB PN750KPA NBR 5648 DE32;8;;;un;unidade impressa UD
008_p1_t0;008-SAA-0017-7471-PBHI-DE-0001ETAVILACLAYGERAGUAPO-R2.pdf;1;8;ETA-PONTO DE ÁGUA (09 TORNEIRAS);*03;301330;JOELHO 90° PVC-U JS BOLSA/ROSCA LATAO PN750KPA NBR 5648 DE32 POL3/4?;8;;;un;"""?"" impresso no desenho (provável símbolo de polegada perdido na fonte)"
008_p1_t0;008-SAA-0017-7471-PBHI-DE-0001ETAVILACLAYGERAGUAPO-R2.pdf;1;9;ETA-PONTO DE ÁGUA (09 TORNEIRAS);*04;323881;TORNEIRA PAREDE BICA RETA CORPO BRONZE LATAO CROMADA 2MCA 04 A 14L/MIN POL 3/4 CONFORME NBR 10281;8;;;un;"descrição em 2 linhas; código impresso 323881 é o mesmo da CURVA 45° (provável erro do desenho, mas é o que está impresso)"
009_p1_t0;009-SAA-0017-7471-PBHI-DE-0001ETAVILACINTERLIGACOES-R2.pdf;1;1;;35;288172;CURVA FD JE 2GS BB 45 DN1000;02;;;pç;tabela sob o título INTERLIGAÇÕES / ADUTORA ÁGUA BRUTA / MOD. TRATAMENTO COM MICRO AREIA 600 LITROS (título da tabela, sem seção)
009_p1_t0;009-SAA-0017-7471-PBHI-DE-0001ETAVILACINTERLIGACOES-R2.pdf;1;2;;36;306859;TUBO FD K-9 PP (6,8M) DN1000;0,70;;;m;
009_p1_t0;009-SAA-0017-7471-PBHI-DE-0001ETAVILACINTERLIGACOES-R2.pdf;1;3;;37;306160;TUBO FD PF PN10 MEDIDAS DE 3,51 ATE 4,00 METROS DN1000;01;;;pç;
009_p1_t0;009-SAA-0017-7471-PBHI-DE-0001ETAVILACINTERLIGACOES-R2.pdf;1;4;;38;288185;JUNTA DE DESMONTAGEM TRAVADA ACO/FD PN10 DN1000;02;;;pç;
009_p1_t0;009-SAA-0017-7471-PBHI-DE-0001ETAVILACINTERLIGACOES-R2.pdf;1;5;;39;306915;TOCO DE TUBO FD FF PN10 MEDINDO 0,25 METROS DN1000;01;;;pç;
009_p1_t0;009-SAA-0017-7471-PBHI-DE-0001ETAVILACINTERLIGACOES-R2.pdf;1;6;;40;315278;VALVULA BORBOLETA BIEXCENTRICA FD MECANISMO REDUCAO E VOLANTE VEDACAO EPDM HASTE DISCO INOX 316 BLOQUEIO FF (FACES 305MM) NBR 7675 PN 10 DN 1000;01;;;pç;
009_p1_t0;009-SAA-0017-7471-PBHI-DE-0001ETAVILACINTERLIGACOES-R2.pdf;1;7;;41;308654;TUBO ESPECIAL ACO CARBONO ASTM A1018 SS GR40 EPOXI AZUL 406(INT) 1000(EXT) UM ESP6,35MM AWWA C200 C210 NBR7560 PP PN10 DE1048MM DN1000 (Comprim. 6,30m);01 / 1031;;;pç / kg/m;célula de quantidade/unidade dividida por linha tracejada: valor de cima (pç) e de baixo (kg/m)
009_p1_t0;009-SAA-0017-7471-PBHI-DE-0001ETAVILACINTERLIGACOES-R2.pdf;1;8;;42;231185;MEDIDOR DE VAZAO ELETROMAGNETICO 1,0MPA ALIMENTACAO 24VCC SINAL DE SAIDA 4-20MA PN 10 DN 1000;01;;;pç;
009_p1_t0;009-SAA-0017-7471-PBHI-DE-0001ETAVILACINTERLIGACOES-R2.pdf;1;9;;43;306163;TUBO FD PF PN10 MEDIDAS DE 5,01 ATE 5,50 METROS DN1000 (Comprim. 5,30m);02;;;pç;
009_p1_t0;009-SAA-0017-7471-PBHI-DE-0001ETAVILACINTERLIGACOES-R2.pdf;1;10;;44;134562;TUBO FD K-7 JE 2GS PB NBR 7675 / JE ISO 2531 PB (5,5 OU 6,0 OU 7,0M) DN 1000;7,00;;;m;""" / "" faz parte do texto impresso"
009_p1_t0;009-SAA-0017-7471-PBHI-DE-0001ETAVILACINTERLIGACOES-R2.pdf;1;11;;45;302103;GUARDA CORPO PRFV;24,00;;;m;
009_p1_t0;009-SAA-0017-7471-PBHI-DE-0001ETAVILACINTERLIGACOES-R2.pdf;1;12;;46;313655;ESCADA COM ESPELHO PRFV DEGRAU 0,35 X 0,20m ALT 45 GRAUS MENOR 3m;02;;;pç;
009_p1_t0;009-SAA-0017-7471-PBHI-DE-0001ETAVILACINTERLIGACOES-R2.pdf;1;13;;S/N;308618;FLANGE ESPECIAL ACO CARBONO ASTM A1018 SS GR 40 EPOXI AZUL 1000 UM ESP 36,5MM AWWA C200 C210 NBR 7560 PN10 DE1048 DN1000;02 / 93,59;;;pç / kg/m;célula de quantidade/unidade dividida por linha tracejada: valor de cima (pç) e de baixo (kg/m)
009_p1_t0;009-SAA-0017-7471-PBHI-DE-0001ETAVILACINTERLIGACOES-R2.pdf;1;14;;S/N;112879;ARRUELA DE BORRACHA PARA FLANGE PN10 DN1000;07;;;pç;
009_p1_t0;009-SAA-0017-7471-PBHI-DE-0001ETAVILACINTERLIGACOES-R2.pdf;1;15;;S/N;301798;"ARRUELA LISA, EM ACO INOX AISI 316, NORMA: DIN 125A; - M33";392;;;pç;
009_p1_t0;009-SAA-0017-7471-PBHI-DE-0001ETAVILACINTERLIGACOES-R2.pdf;1;16;;S/N;301792;"PORCA SEXTAVADA, EM ACO INOX AISI 316, NORMA: DIN 934; ROSCA METRICA NORMAL - M33";196;;;pç;
009_p1_t0;009-SAA-0017-7471-PBHI-DE-0001ETAVILACINTERLIGACOES-R2.pdf;1;17;;S/N;301784;PARAFUSO ACO INOX 316 A4 CABECA SEXTAVADA ROSCA INTEIRA DIN 933 M33 X 150MM;196;;;pç;
009_p1_t1;009-SAA-0017-7471-PBHI-DE-0001ETAVILACINTERLIGACOES-R2.pdf;1;1;;00;63126;FLANGE FD CEGO COM FURACAO PN10 DN1000;;01;00;pç;titulos RELACAO DE MATERIAIS / ETA VILA C / INTERLIGACOES / ADUTORA AGUA BRUTA / MOD. TRATAMENTO COM MICRO AREIA 360 LITROS (titulos, sem secao interna) | item 00 | nada riscado
009_p1_t1;009-SAA-0017-7471-PBHI-DE-0001ETAVILACINTERLIGACOES-R2.pdf;1;2;;01;305143;TE REDUCAO FD JE 2GS BBF PN10 DN1000 DN600;;01;00;pç;
009_p1_t1;009-SAA-0017-7471-PBHI-DE-0001ETAVILACINTERLIGACOES-R2.pdf;1;3;;02;306859;TUBO FD K-9 PP (6,8M) DN1000;;00;1,00;m;
009_p1_t1;009-SAA-0017-7471-PBHI-DE-0001ETAVILACINTERLIGACOES-R2.pdf;1;4;;03;305362;REDUCAO FD JE 2GS BB DN1000 DN900;;00;01;pç;
009_p1_t1;009-SAA-0017-7471-PBHI-DE-0001ETAVILACINTERLIGACOES-R2.pdf;1;5;;04;306858;TUBO FD K-9 PP (6,8M) DN900;;00;1,00;m;
009_p1_t1;009-SAA-0017-7471-PBHI-DE-0001ETAVILACINTERLIGACOES-R2.pdf;1;6;;05;305360;REDUCAO FD JE 2GS BB DN900 DN700;;00;01;pç;
009_p1_t1;009-SAA-0017-7471-PBHI-DE-0001ETAVILACINTERLIGACOES-R2.pdf;1;7;;06;308650;TUBO ESPECIAL ACO CARBONO ASTM A1018 SS GR40 EPOXI AZUL 406(INT) 1000(EXT) UM ESP6,35MM AWWA C200 C210 NBR7560 PP PN10 DE635MM DN600 (Comprim. 1,50m);;01 / 148,12;00 / 00;pç / kg/;valores empilhados em 1a etapa (01 sobre 148,12), 2a etapa (00 sobre 00) e unidade (pç sobre kg/) separados por linha tracejada | unidade inferior impressa truncada kg/ (provavelmente kg/m cortado pela borda da celula)
009_p1_t1;009-SAA-0017-7471-PBHI-DE-0001ETAVILACINTERLIGACOES-R2.pdf;1;8;;S/N;308614;FLANGE ESPECIAL ACO CARBONO ASTM A1018 SS GR40 EPOXI AZUL 1000 UM ESP 25,4MM AWWA C200 C210 NBR7560 PN10 DE635MM DN600;;01;00;pç;S/N intercalado entre itens numerados 06 e 07
009_p1_t1;009-SAA-0017-7471-PBHI-DE-0001ETAVILACINTERLIGACOES-R2.pdf;1;9;;07;252727;JUNTA DE DESMONTAGEM TRAVADA ACO/FD PN10 DN600;;01;00;pç;
009_p1_t1;009-SAA-0017-7471-PBHI-DE-0001ETAVILACINTERLIGACOES-R2.pdf;1;10;;08;299691;TOCO DE TUBO FD FF PN10 MEDINDO 0,25 METROS DN600;;01;00;pç;
009_p1_t1;009-SAA-0017-7471-PBHI-DE-0001ETAVILACINTERLIGACOES-R2.pdf;1;11;;09;315274;VALVULA BORBOLETA BIEXCENTRICA FD MECANISMO REDUCAO E VOLANTE VEDACAO EPDM HASTE DISCO INOX 316 BLOQUEIO FF (FACES 203MM) NBR 7675 PN 10 DN 600;;01;00;pç;
009_p1_t1;009-SAA-0017-7471-PBHI-DE-0001ETAVILACINTERLIGACOES-R2.pdf;1;12;;10;304782;TE FD FFF PN10 DN600;;01;00;pç;
009_p1_t1;009-SAA-0017-7471-PBHI-DE-0001ETAVILACINTERLIGACOES-R2.pdf;1;13;;11;305520;EXTREMIDADE FD JE 2GS BF 180MM PN10 DN600;;02;00;pç;
009_p1_t1;009-SAA-0017-7471-PBHI-DE-0001ETAVILACINTERLIGACOES-R2.pdf;1;14;;12;306855;TUBO FD K-9 PP (5,8M) DN600 L = 1,80m;;01;00;pç;espaco duplo antes de L no impresso, normalizado para um
009_p1_t1;009-SAA-0017-7471-PBHI-DE-0001ETAVILACINTERLIGACOES-R2.pdf;1;15;;13;87149;TE FD JE 2GS BBB DN600;;01;00;pç;
009_p1_t1;009-SAA-0017-7471-PBHI-DE-0001ETAVILACINTERLIGACOES-R2.pdf;1;16;;14;87203;LUVA DE CORRER FD JE 2GS BB (DI 644MM 1,5 - 0,5MM) DN 600;;02;00;pç;
009_p1_t1;009-SAA-0017-7471-PBHI-DE-0001ETAVILACINTERLIGACOES-R2.pdf;1;17;;15;86932;REDUCAO FD JE 2GS PB DN600 DN500;;01;00;pç;
009_p1_t1;009-SAA-0017-7471-PBHI-DE-0001ETAVILACINTERLIGACOES-R2.pdf;1;18;;16;306097;TUBO FD PF PN10 MEDIDAS DE 3,51 ATE 4,00 METROS DN500 (Comprim. 3,90m);;01;00;pç;
009_p1_t1;009-SAA-0017-7471-PBHI-DE-0001ETAVILACINTERLIGACOES-R2.pdf;1;19;;17;203017;JUNTA DE DESMONTAGEM TRAVADA ACO/FD PN10 DN500;;03;00;pç;
009_p1_t1;009-SAA-0017-7471-PBHI-DE-0001ETAVILACINTERLIGACOES-R2.pdf;1;20;;18;289531;TOCO DE TUBO FD FF PN10 MEDINDO 0,25 METROS DN500;;03;00;pç;
009_p1_t1;009-SAA-0017-7471-PBHI-DE-0001ETAVILACINTERLIGACOES-R2.pdf;1;21;;19;315273;VALVULA BORBOLETA BIEXCENTRICA FD MECANISMO REDUCAO E VOLANTE VEDACAO EPDM HASTE DISCO INOX 316 BLOQUEIO FF (FACES 203MM) NBR 7675 PN 10 DN 500;;02;00;pç;
009_p1_t1;009-SAA-0017-7471-PBHI-DE-0001ETAVILACINTERLIGACOES-R2.pdf;1;22;;20;14656;TE FD FFF PN10 DN500;;02;00;pç;
009_p1_t1;009-SAA-0017-7471-PBHI-DE-0001ETAVILACINTERLIGACOES-R2.pdf;1;23;;21;306091;TUBO FD PF PN10 MEDIDAS DE 0,53 ATE 1,00 METROS DN500 (Comprim. 1,00m);;01;00;pç;
009_p1_t1;009-SAA-0017-7471-PBHI-DE-0001ETAVILACINTERLIGACOES-R2.pdf;1;24;;22;87190;LUVA DE CORRER FD JE 2GS BB (DI 541MM 1,5 - 0,5MM) DN 500;;02;00;pç;
009_p1_t1;009-SAA-0017-7471-PBHI-DE-0001ETAVILACINTERLIGACOES-R2.pdf;1;25;;23;282916;TOCO DE TUBO FD FF PN10 MEDINDO 0,50 METROS DN500;;01;00;pç;
009_p1_t1;009-SAA-0017-7471-PBHI-DE-0001ETAVILACINTERLIGACOES-R2.pdf;1;26;;24;306092;TUBO FD PF PN10 MEDIDAS DE 1,01 ATE 1,50 METROS DN500 (Comprim. 1,50m);;01;00;pç;
009_p1_t1;009-SAA-0017-7471-PBHI-DE-0001ETAVILACINTERLIGACOES-R2.pdf;1;27;;25;306093;TUBO FD PF PN10 MEDIDAS DE 1,51 ATE 2,00 METROS DN500 (Comprim. 2,00m);;01;00;pç;
009_p1_t1;009-SAA-0017-7471-PBHI-DE-0001ETAVILACINTERLIGACOES-R2.pdf;1;28;;26;134511;TUBO FD K-7 JE 2GS NBR 7675 / JE ISO 2531 PB ( 6,0 M OU 5,5 M ) DN 500;;12,00;00;m;espacos dentro dos parenteses como impresso
009_p1_t1;009-SAA-0017-7471-PBHI-DE-0001ETAVILACINTERLIGACOES-R2.pdf;1;29;;27;16802;EXTREMIDADE FD JE 2GS BF 170MM PN10 DN500;;02;00;pç;
009_p1_t1;009-SAA-0017-7471-PBHI-DE-0001ETAVILACINTERLIGACOES-R2.pdf;1;30;;28;259306;MEDIDOR DE VAZAO ELETROMAGNETICO 1,0MPA ALIMENTACAO 24VCC SINAL DE SAIDA 4-20MA PN 10 DN 500;;01;00;pç;
009_p1_t1;009-SAA-0017-7471-PBHI-DE-0001ETAVILACINTERLIGACOES-R2.pdf;1;31;;29;306094;TUBO FD PF PN10 MEDIDAS DE 2,01 ATE 2,50 METROS DN500 (Comprim. 2,40m);;01;00;pç;
009_p1_t1;009-SAA-0017-7471-PBHI-DE-0001ETAVILACINTERLIGACOES-R2.pdf;1;32;;30;302103;GUARDA CORPO PRFV;;34,00;00;m;
009_p1_t1;009-SAA-0017-7471-PBHI-DE-0001ETAVILACINTERLIGACOES-R2.pdf;1;33;;31;313655;ESCADA COM ESPELHO PRFV DEGRAU 0,35 X 0,20m ALT 45 GRAUS MENOR 3m;;03;00;pç;
009_p1_t1;009-SAA-0017-7471-PBHI-DE-0001ETAVILACINTERLIGACOES-R2.pdf;1;34;;32;306855;TUBO FD K-9 PP (5,8M) DN600 L = 1,90m;;01;00;pç;
009_p1_t1;009-SAA-0017-7471-PBHI-DE-0001ETAVILACINTERLIGACOES-R2.pdf;1;35;;33;306855;TUBO FD K-9 PP (5,8M) DN600 L = 0,50m;;01;00;pç;
009_p1_t1;009-SAA-0017-7471-PBHI-DE-0001ETAVILACINTERLIGACOES-R2.pdf;1;36;;S/N;91596;ARRUELA DE BORRACHA PARA FLANGE PN10 DN500;;17;00;pç;
009_p1_t1;009-SAA-0017-7471-PBHI-DE-0001ETAVILACINTERLIGACOES-R2.pdf;1;37;;S/N;94994;ARRUELA DE BORRACHA PARA FLANGE PN10 DN600;;06;00;pç;
009_p1_t1;009-SAA-0017-7471-PBHI-DE-0001ETAVILACINTERLIGACOES-R2.pdf;1;38;;S/N;301795;"ARRUELA LISA, EM ACO INOX AISI 316, NORMA: DIN 125A; - M24";;680;00;pç;
009_p1_t1;009-SAA-0017-7471-PBHI-DE-0001ETAVILACINTERLIGACOES-R2.pdf;1;39;;S/N;301796;"ARRUELA LISA, EM ACO INOX AISI 316, NORMA: DIN 125A; - M27";;240;00;pç;
009_p1_t1;009-SAA-0017-7471-PBHI-DE-0001ETAVILACINTERLIGACOES-R2.pdf;1;40;;S/N;301789;"PORCA SEXTAVADA, EM ACO INOX AISI 316, NORMA: DIN 934; ROSCA METRICA NORMAL - M24";;340;00;pç;
009_p1_t1;009-SAA-0017-7471-PBHI-DE-0001ETAVILACINTERLIGACOES-R2.pdf;1;41;;S/N;301790;"PORCA SEXTAVADA, EM ACO INOX AISI 316, NORMA: DIN 934; ROSCA METRICA NORMAL - M27";;120;00;pç;
009_p1_t1;009-SAA-0017-7471-PBHI-DE-0001ETAVILACINTERLIGACOES-R2.pdf;1;42;;S/N;301778;PARAFUSO ACO INOX 316 A4 ROSCA INTEGRAL CABECA SEXTAVADA M24 X 110MM;;340;00;pç;
009_p1_t1;009-SAA-0017-7471-PBHI-DE-0001ETAVILACINTERLIGACOES-R2.pdf;1;43;;S/N;301779;PARAFUSO ACO INOX 316 A4 ROSCA INTEGRAL CABECA SEXTAVADA M27 X 120MM;;120;00;pç;
010_p1_t0;010-SAA-0017-7471-PBHI-DE-0001ETAVILACINTERLIGACOES-R3.pdf;1;1;;01;306106;TUBO FD PF PN10 MEDIDAS DE 2,51 ATE 3,00 METROS DN600 (Comprim. 2,65m);01;;;pç;titulos em caixa RELACAO DE MATERIAIS / ETA VILA C / INTERLIGACOES / MOD. TRATAMENTO COM MICRO AREIA 360 LITROS / FILTRO VELHO (titulos, sem linha de secao interna) | borda azul da prancha | nada riscado
010_p1_t0;010-SAA-0017-7471-PBHI-DE-0001ETAVILACINTERLIGACOES-R3.pdf;1;2;;02;-;TE REDUCAO FD FFF PN10 DN600 DN500;01;;;pç;codigo impresso como hifen
010_p1_t0;010-SAA-0017-7471-PBHI-DE-0001ETAVILACINTERLIGACOES-R3.pdf;1;3;;03;306092;TUBO FD PF PN10 MEDIDAS DE 1,01 ATE 1,50 METROS DN500 (Comprim. 1,25m);02;;;pç;
010_p1_t0;010-SAA-0017-7471-PBHI-DE-0001ETAVILACINTERLIGACOES-R3.pdf;1;4;;04;307847;REDUCAO FD FF CONCENTRICA PN10 DN600 DN500;01;;;pç;
010_p1_t0;010-SAA-0017-7471-PBHI-DE-0001ETAVILACINTERLIGACOES-R3.pdf;1;5;;05;308649;TUBO ESPECIAL ACO CARBONO ASTM A1018 SS GR40 EPOXI AZUL 406(INT) 1000(EXT) UM ESP6,35MM AWWA C200 C210 NBR7560 PP PN10 DE532MM DN500 (Comprim. 4,80m);01 / 396,3;;;pç / kg/m;qtd/unidade empilhadas separadas por linha tracejada (01 pç sobre 396,3 kg/m) | unidade kg/m fora da lista normalizada | descricao em 2 linhas
010_p1_t0;010-SAA-0017-7471-PBHI-DE-0001ETAVILACINTERLIGACOES-R3.pdf;1;6;;06;306996;TUBO FD FF PN10 MEDINDO 5,80 METROS DN500;01;;;pç;
010_p1_t0;010-SAA-0017-7471-PBHI-DE-0001ETAVILACINTERLIGACOES-R3.pdf;1;7;;07;308649;TUBO ESPECIAL ACO CARBONO ASTM A1018 SS GR40 EPOXI AZUL 406(INT) 1000(EXT) UM ESP6,35MM AWWA C200 C210 NBR7560 PP PN10 DE532MM DN500 (Comprim. 5,30m);01 / 437,6;;;pç / kg/m;empilhado com tracejado | mesmo codigo do item 05
010_p1_t0;010-SAA-0017-7471-PBHI-DE-0001ETAVILACINTERLIGACOES-R3.pdf;1;8;;08;4782;CURVA FD FF 45 PN10 DN500;01;;;pç;codigo de 4 digitos
010_p1_t0;010-SAA-0017-7471-PBHI-DE-0001ETAVILACINTERLIGACOES-R3.pdf;1;9;;09;308779;ABA DE VEDACAO ESPECIAL ACO CARBONO ASTM A1018 SS GR 40 EPOXI AZUL 1000 UM ESP 6,35MM AWWA C200 C210 NBR 7560 PN10 DE532 DN500;02 / 6,52;;;pç / kg/m;empilhado com tracejado | linha tracejada sob 02 pode parecer sublinhado/risco mas nao eh risco
010_p1_t0;010-SAA-0017-7471-PBHI-DE-0001ETAVILACINTERLIGACOES-R3.pdf;1;10;;10;308780;ABA DE VEDACAO ESPECIAL ACO CARBONO ASTM A1018 SS GR 40 EPOXI AZUL 1000 UM ESP 6,35MM AWWA C200 C210 NBR 7560 PN10 DE635 DN600;01 / 4,03;;;pç / kg/m;empilhado com tracejado
010_p1_t0;010-SAA-0017-7471-PBHI-DE-0001ETAVILACINTERLIGACOES-R3.pdf;1;11;;11;315252;VALVULA BORBOLETA BIEXCENTRICA FD MECANISMO REDUCAO E VOLANTE VEDACAO EPDM HASTE DISCO INOX 316 BLOQUEIO WAFER (FACES 130MM) NBR 7675 PN10 DN500;02;;;pç;
010_p1_t0;010-SAA-0017-7471-PBHI-DE-0001ETAVILACINTERLIGACOES-R3.pdf;1;12;;S/N;308613;FLANGE ESPECIAL ACO CARBONO ASTM A1018 SS GR 40 EPOXI AZUL 1000 UM ESP 23,8MM AWWA C200 C210 NBR 7560 PN10 DE532 DN500;04 / 30,47;;;pç / kg/m;empilhado com tracejado
010_p1_t0;010-SAA-0017-7471-PBHI-DE-0001ETAVILACINTERLIGACOES-R3.pdf;1;13;;S/N;91596;ARRUELA DE BORRACHA PARA FLANGE PN10 DN500;06;;;pç;
010_p1_t0;010-SAA-0017-7471-PBHI-DE-0001ETAVILACINTERLIGACOES-R3.pdf;1;14;;S/N;94994;ARRUELA DE BORRACHA PARA FLANGE PN10 DN600;02;;;pç;
010_p1_t0;010-SAA-0017-7471-PBHI-DE-0001ETAVILACINTERLIGACOES-R3.pdf;1;15;;S/N;301795;"ARRUELA LISA, EM ACO INOX AISI 316, NORMA: DIN 125A; - M24";240;;;pç;"ponto-e-virgula dentro da descricao (cuidado com CSV ;)"
010_p1_t0;010-SAA-0017-7471-PBHI-DE-0001ETAVILACINTERLIGACOES-R3.pdf;1;16;;S/N;301796;"ARRUELA LISA, EM ACO INOX AISI 316, NORMA: DIN 125A; - M27";80;;;pç;ponto-e-virgula na descricao
010_p1_t0;010-SAA-0017-7471-PBHI-DE-0001ETAVILACINTERLIGACOES-R3.pdf;1;17;;S/N;301789;"PORCA SEXTAVADA, EM ACO INOX AISI 316, NORMA: DIN 934; ROSCA METRICA NORMAL - M24";120;;;pç;ponto-e-virgula na descricao
010_p1_t0;010-SAA-0017-7471-PBHI-DE-0001ETAVILACINTERLIGACOES-R3.pdf;1;18;;S/N;301790;"PORCA SEXTAVADA, EM ACO INOX AISI 316, NORMA: DIN 934; ROSCA METRICA NORMAL - M27";40;;;pç;ponto-e-virgula na descricao
010_p1_t0;010-SAA-0017-7471-PBHI-DE-0001ETAVILACINTERLIGACOES-R3.pdf;1;19;;S/N;301778;PARAFUSO ACO INOX 316 A4 ROSCA INTEGRAL CABECA SEXTAVADA M24 X 110MM;120;;;pç;
010_p1_t0;010-SAA-0017-7471-PBHI-DE-0001ETAVILACINTERLIGACOES-R3.pdf;1;20;;S/N;301779;PARAFUSO ACO INOX 316 A4 ROSCA INTEGRAL CABECA SEXTAVADA M27 X 120MM;40;;;pç;
010_p1_t1;010-SAA-0017-7471-PBHI-DE-0001ETAVILACINTERLIGACOES-R3.pdf;1;1;;15;307031;EXTREMIDADE FD PF 700MM COM ABA DE VEDACAO PN10 DN700;02;;;pç;título INTERLIGAÇÕES MOD. TRATAMENTO COM MICRO AREIA 600 Litros (sem seção)
010_p1_t1;010-SAA-0017-7471-PBHI-DE-0001ETAVILACINTERLIGACOES-R3.pdf;1;2;;16;315275;VALVULA BORBOLETA BIEXCENTRICA FD MECANISMO REDUCAO E VOLANTE VEDACAO EPDM HASTE DISCO INOX 316 BLOQUEIO FF (FACES 305MM) NBR 7675 PN 10 DN 700;01;;;pç;
010_p1_t1;010-SAA-0017-7471-PBHI-DE-0001ETAVILACINTERLIGACOES-R3.pdf;1;3;;17;307410;TOCO DE TUBO FD FF PN10 MEDINDO 0,50 METROS DN700;01;;;pç;
010_p1_t1;010-SAA-0017-7471-PBHI-DE-0001ETAVILACINTERLIGACOES-R3.pdf;1;4;;18;252735;JUNTA DE DESMONTAGEM TRAVADA ACO/FD PN10 DN700;01;;;pç;
010_p1_t1;010-SAA-0017-7471-PBHI-DE-0001ETAVILACINTERLIGACOES-R3.pdf;1;5;;19;308651;TUBO ESPECIAL ACO CARBONO ASTM A1018 SS GR40 EPOXI AZUL 406(INT) 1000(EXT) UM ESP6,35MM AWWA C200 C210 NBR7560 PP PN10 DE738MM DN700 (Comprim. 1,75m);01 / 201,1;;;pç / kg/m;célula de quantidade/unidade dividida por linha tracejada: valor de cima (pç) e de baixo (kg/m)
010_p1_t1;010-SAA-0017-7471-PBHI-DE-0001ETAVILACINTERLIGACOES-R3.pdf;1;6;;20;302103;GUARDA CORPO PRFV;02,20;;;m;zero à esquerda em decimal (02,20)
010_p1_t1;010-SAA-0017-7471-PBHI-DE-0001ETAVILACINTERLIGACOES-R3.pdf;1;7;;21;313655;ESCADA COM ESPELHO PRFV DEGRAU 0,35 X 0,20m ALT 45 GRAUS MENOR 3m;01;;;pç;
010_p1_t1;010-SAA-0017-7471-PBHI-DE-0001ETAVILACINTERLIGACOES-R3.pdf;1;8;;S/N;308616;FLANGE ESPECIAL ACO CARBONO ASTM A1018 SS GR 40 EPOXI AZUL 1000 UM ESP 30,1MM AWWA C200 C210 NBR 7560 PN10 DE738 DN700;02 / 47,73;;;pç / kg/m;célula de quantidade/unidade dividida por linha tracejada: valor de cima (pç) e de baixo (kg/m)
010_p1_t1;010-SAA-0017-7471-PBHI-DE-0001ETAVILACINTERLIGACOES-R3.pdf;1;9;;S/N;143618;ARRUELA DE BORRACHA PARA FLANGE PN10 DN700;05;;;pç;
010_p1_t1;010-SAA-0017-7471-PBHI-DE-0001ETAVILACINTERLIGACOES-R3.pdf;1;10;;S/N;301796;"ARRUELA LISA, EM ACO INOX AISI 316, NORMA: DIN 125A; - M27";240;;;pç;
010_p1_t1;010-SAA-0017-7471-PBHI-DE-0001ETAVILACINTERLIGACOES-R3.pdf;1;11;;S/N;301790;"PORCA SEXTAVADA, EM ACO INOX AISI 316, NORMA: DIN 934; ROSCA METRICA NORMAL - M27";120;;;pç;
010_p1_t1;010-SAA-0017-7471-PBHI-DE-0001ETAVILACINTERLIGACOES-R3.pdf;1;12;;S/N;-;PARAFUSO ACO INOX 316 A4 ROSCA INTEGRAL CABECA SEXTAVADA M27 X 130MM;120;;;pç;
013_p1_t1;013-SAA-0017-7471-PBHI-DE-0001ETAVILACTRATAM360LS-R1.pdf;1;1;;60;299651;EXTREMIDADE FD PF 700MM COM ABA DE VEDACAO PN10 DN150;02;;;pç;"título DRENAGEM ACTIFLO 360 LITROS (sem seção); imagem de baixa resolução (recorte 1151 px de largura), fonte condensada/serrilhada"
013_p1_t1;013-SAA-0017-7471-PBHI-DE-0001ETAVILACTRATAM360LS-R1.pdf;1;2;;61;299850;REGISTRO GAVETA FD COM CUNHA ELASTICA E VOLANTE FF SERIE 14 CORPO CURTO PN 10 DN 150;03;;;pç;
013_p1_t1;013-SAA-0017-7471-PBHI-DE-0001ETAVILACTRATAM360LS-R1.pdf;1;3;;62;299746;TOCO DE TUBO FD FF PN10 MEDINDO 0,25 METROS DN150;02;;;pç;
013_p1_t1;013-SAA-0017-7471-PBHI-DE-0001ETAVILACTRATAM360LS-R1.pdf;1;4;;63;299744;JUNTA DE DESMONTAGEM TRAVADA ACO/FD PN10 DN150;02;;;pç;
013_p1_t1;013-SAA-0017-7471-PBHI-DE-0001ETAVILACTRATAM360LS-R1.pdf;1;5;;64;305889;TUBO FD PF PN10 MEDIDAS DE 1,51 ATE 2,00 METROS DN150 (Comprim. 2,00m);01;;;pç;borda tracejada na célula de QTDE/UN (não é riscado) (abaixo)
013_p1_t1;013-SAA-0017-7471-PBHI-DE-0001ETAVILACTRATAM360LS-R1.pdf;1;6;;65;305887;TUBO FD PF PN10 MEDIDAS DE 0,51 ATE 1,00 METROS DN150 (Comprim. 1,00m);01;;;pç;borda tracejada na célula de QTDE/UN (não é riscado) (acima)
013_p1_t1;013-SAA-0017-7471-PBHI-DE-0001ETAVILACTRATAM360LS-R1.pdf;1;7;;66;3875;CURVA FD JE 2GS BB 90 DN150;01;;;pç;código de 4 dígitos
013_p1_t1;013-SAA-0017-7471-PBHI-DE-0001ETAVILACTRATAM360LS-R1.pdf;1;8;;67;306847;TUBO FD K-9 PP (5,8M) DN150;5.15;;;m;quantidade impressa com ponto decimal (5.15)
013_p1_t1;013-SAA-0017-7471-PBHI-DE-0001ETAVILACTRATAM360LS-R1.pdf;1;9;;68;11487;TE FD JE 2GS BBB DN150;01;;;pç;código de 5 dígitos
013_p1_t1;013-SAA-0017-7471-PBHI-DE-0001ETAVILACTRATAM360LS-R1.pdf;1;10;;69;299696;CURVA FD FF 45 PN10 DN 150;01;;;pç;borda tracejada na célula de QTDE/UN (não é riscado) (abaixo)
013_p1_t1;013-SAA-0017-7471-PBHI-DE-0001ETAVILACTRATAM360LS-R1.pdf;1;11;;70;305888;TUBO FD PF PN10 MEDIDAS DE 1,01 ATE 1,50 METROS DN150 (Comprim. 1,50m);01;;;pç;borda tracejada na célula de QTDE/UN (não é riscado) (acima e abaixo)
013_p1_t1;013-SAA-0017-7471-PBHI-DE-0001ETAVILACTRATAM360LS-R1.pdf;1;12;;71;305888;TUBO FD PF PN10 MEDIDAS DE 1,01 ATE 1,50 METROS DN150 (Comprim. 1,00m);01;;;pç;"borda tracejada na célula de QTDE/UN (não é riscado) (acima); mesmo código do item 70"
013_p1_t1;013-SAA-0017-7471-PBHI-DE-0001ETAVILACTRATAM360LS-R1.pdf;1;13;;S/N;304529;ARRUELA DE BORRACHA PARA FLANGE PN10 DN150;07;;;pç;
013_p1_t1;013-SAA-0017-7471-PBHI-DE-0001ETAVILACTRATAM360LS-R1.pdf;1;14;;S/N;301794;"ARRUELA LISA, EM ACO INOX AISI 316, NORMA: DIN 125A; - M20";112;;;pç;
013_p1_t1;013-SAA-0017-7471-PBHI-DE-0001ETAVILACTRATAM360LS-R1.pdf;1;15;;S/N;301788;"PORCA SEXTAVADA, EM ACO INOX AISI 316, NORMA: DIN 934; ROSCA METRICA NORMAL - M20";56;;;pç;
013_p1_t1;013-SAA-0017-7471-PBHI-DE-0001ETAVILACTRATAM360LS-R1.pdf;1;16;;S/N;301775;PARAFUSO ACO INOX 316 A4 ROSCA INTEGRAL CABECA SEXTAVADA M20 X 90MM;56;;;pç;
013_p1_t2;013-SAA-0017-7471-PBHI-DE-0001ETAVILACTRATAM360LS-R1.pdf;1;1;ENTRADA ACTIFLO 360 LITROS;01;307016;EXTREMIDADE FD PF 520MM PN10 DN500;01;;;pç;"ambíguo: impresso ""P F5 20MM"" com espaçamento irregular; glifo após F igual ao 5 de DN500, lido como PF 520MM; título RELAÇÃO DE MATERIAIS e seção ENTRADA ACTIFLO 360 LITROS acima do cabeçalho; imagem de baixa resolução, espaços entre palavras pouco confiáveis em toda a tabela"
013_p1_t2;013-SAA-0017-7471-PBHI-DE-0001ETAVILACTRATAM360LS-R1.pdf;1;2;ENTRADA ACTIFLO 360 LITROS;02;308649;TUBO ESPECIAL ACO CARBONO ASTM A1018 SS GR40 EPOXI AZUL 406(INT) 1000(EXT) UM ESP 6,35MM AWWA C200 C210 NBR7560 PP PN10 DE532MM DN500 (Comprim. 2,90m);01 / 239,4;;;pç / kg;qtd/unid empilhadas separadas por linha tracejada
013_p1_t2;013-SAA-0017-7471-PBHI-DE-0001ETAVILACTRATAM360LS-R1.pdf;1;3;ENTRADA ACTIFLO 360 LITROS;03;5215;CURVA FD FF 90 PN10 DN500;01;;;pç;
013_p1_t2;013-SAA-0017-7471-PBHI-DE-0001ETAVILACTRATAM360LS-R1.pdf;1;4;ENTRADA ACTIFLO 360 LITROS;*04;-;MISTURADOR ESTÁTICO MODELO WESTFALL 2800.8 BETA DN500;01;;;pç;"código ""-"""
013_p1_t2;013-SAA-0017-7471-PBHI-DE-0001ETAVILACTRATAM360LS-R1.pdf;1;5;ENTRADA ACTIFLO 360 LITROS;05;305888;TUBO FD PF PN10 MEDIDAS DE 1,01 ATE 1,50 METROS DN150 (Comprim. 1,40m);01;;;pç;borda tracejada na célula de qtd/un (não é risco)
013_p1_t2;013-SAA-0017-7471-PBHI-DE-0001ETAVILACTRATAM360LS-R1.pdf;1;6;ENTRADA ACTIFLO 360 LITROS;06;299699;CURVA FD FF 90 PN10 DN150;02;;;pç;
013_p1_t2;013-SAA-0017-7471-PBHI-DE-0001ETAVILACTRATAM360LS-R1.pdf;1;7;ENTRADA ACTIFLO 360 LITROS;07;299746;TOCO DE TUBO FD FF PN10 MEDINDO 0,25 METROS DN150;01;;;pç;
013_p1_t2;013-SAA-0017-7471-PBHI-DE-0001ETAVILACTRATAM360LS-R1.pdf;1;8;ENTRADA ACTIFLO 360 LITROS;08;305893;TUBO FD PF PN10 MEDIDAS DE 3,51 ATE 4,00 METROS DN150 (Comprim. 4,00m);01;;;pç;
013_p1_t2;013-SAA-0017-7471-PBHI-DE-0001ETAVILACTRATAM360LS-R1.pdf;1;9;ENTRADA ACTIFLO 360 LITROS;09;3875;CURVA FD JE 2GS BB 90 DN150;01;;;pç;
013_p1_t2;013-SAA-0017-7471-PBHI-DE-0001ETAVILACTRATAM360LS-R1.pdf;1;10;ENTRADA ACTIFLO 360 LITROS;S/N;308613;FLANGE ESPECIAL ACO CARBONO ASTM A1018 SS GR 40 EPOXI AZUL 1000 UM ESP 23,8MM AWWA C200 C210 NBR 7560 PN10 DE532 DN500;02 / 30,47;;;pç / kg;qtd/unid empilhadas separadas por linha tracejada
013_p1_t2;013-SAA-0017-7471-PBHI-DE-0001ETAVILACTRATAM360LS-R1.pdf;1;11;ENTRADA ACTIFLO 360 LITROS;S/N;304529;ARRUELA DE BORRACHA PARA FLANGE PN10 DN150;04;;;pç;
013_p1_t2;013-SAA-0017-7471-PBHI-DE-0001ETAVILACTRATAM360LS-R1.pdf;1;12;ENTRADA ACTIFLO 360 LITROS;S/N;91596;ARRUELA DE BORRACHA PARA FLANGE PN10 DN500;04;;;pç;
013_p1_t2;013-SAA-0017-7471-PBHI-DE-0001ETAVILACTRATAM360LS-R1.pdf;1;13;ENTRADA ACTIFLO 360 LITROS;S/N;301794;"ARRUELA LISA, EM ACO INOX AISI 316, NORMA: DIN 125 A; - M20";64;;;pç;
013_p1_t2;013-SAA-0017-7471-PBHI-DE-0001ETAVILACTRATAM360LS-R1.pdf;1;14;ENTRADA ACTIFLO 360 LITROS;S/N;301795;"ARRUELA LISA, EM ACO INOX AISI 316, NORMA: DIN 125 A; - M24";160;;;pç;
013_p1_t2;013-SAA-0017-7471-PBHI-DE-0001ETAVILACTRATAM360LS-R1.pdf;1;15;ENTRADA ACTIFLO 360 LITROS;S/N;301788;"PORCA SEXTAVADA, EM ACO INOX AISI 316, NORMA: DIN 934; ROSCA METRICA NORMAL - M20";32;;;pç;"espaço ""PORCAS EXTAVADA"" deslocado pelo renderizador; lido como PORCA SEXTAVADA"
013_p1_t2;013-SAA-0017-7471-PBHI-DE-0001ETAVILACTRATAM360LS-R1.pdf;1;16;ENTRADA ACTIFLO 360 LITROS;S/N;301789;"PORCA SEXTAVADA, EM ACO INOX AISI 316, NORMA: DIN 934; ROSCA METRICA NORMAL - M24";80;;;pç;"espaço ""PORCAS EXTAVADA"" deslocado pelo renderizador; lido como PORCA SEXTAVADA"
013_p1_t2;013-SAA-0017-7471-PBHI-DE-0001ETAVILACTRATAM360LS-R1.pdf;1;17;ENTRADA ACTIFLO 360 LITROS;S/N;312936;PARAFUSO ACO INOX 316 A4 ROSCA INTEGRAL CABECA SEXTAVADA M19 X 90MM;32;;;pç;impresso M19 (conferido em zoom)
013_p1_t2;013-SAA-0017-7471-PBHI-DE-0001ETAVILACTRATAM360LS-R1.pdf;1;18;ENTRADA ACTIFLO 360 LITROS;S/N;301778;PARAFUSO ACO INOX 316 A4 ROSCA INTEGRAL CABECA SEXTAVADA M24 X 110MM;80;;;pç;
013_p1_t2;013-SAA-0017-7471-PBHI-DE-0001ETAVILACTRATAM360LS-R1.pdf;1;19;LODO ACTIFLO 360 LITROS;*20;305937;TUBO ESPECIAL AÇO CARBONO ASTM A1018 SS GR40 EPOXI AZUL 406(INT) 1000(EXT) UM ESP 6,35MM AWWA C200 C210 NBR7560 PP PN10 DE222MM DN200x3,35m;01;;;pç;"fundo roxo na célula do item (itens *20 a *45); AÇO com Ç só neste item"
013_p1_t2;013-SAA-0017-7471-PBHI-DE-0001ETAVILACTRATAM360LS-R1.pdf;1;20;LODO ACTIFLO 360 LITROS;*21;298743;TUBO POLIETILENO PE 100 PN 10 (BARRA COM 6,0 M) DE 110;3.30;;;m;"fundo roxo na célula do item; quantidade impressa com ponto decimal (3.30)"
013_p1_t2;013-SAA-0017-7471-PBHI-DE-0001ETAVILACTRATAM360LS-R1.pdf;1;21;LODO ACTIFLO 360 LITROS;*22;309900;COLARINHO POLIETILENO INJETADO TERMOFUSAO PE 100 PN 10 DE 110;01;;;pç;fundo roxo na célula do item
013_p1_t2;013-SAA-0017-7471-PBHI-DE-0001ETAVILACTRATAM360LS-R1.pdf;1;22;LODO ACTIFLO 360 LITROS;*23;40088;PLACA REDUCAO FD PN10 DN200 DN100;01;;;pç;fundo roxo na célula do item
013_p1_t2;013-SAA-0017-7471-PBHI-DE-0001ETAVILACTRATAM360LS-R1.pdf;1;23;LODO ACTIFLO 360 LITROS;*24;2917;CURVA FD FF 11 PN10 DN100;01;;;pç;fundo roxo na célula do item
013_p1_t2;013-SAA-0017-7471-PBHI-DE-0001ETAVILACTRATAM360LS-R1.pdf;1;24;LODO ACTIFLO 360 LITROS;*25;312006;REGISTRO GAVETA FD COM CUNHA ELASTICA E VOLANTE FF SERIE 15 CORPO LONGO PN 10 DN 100;05;;;pç;"fundo roxo na célula do item; 05 (glifo 5 parecido com 6 nesta fonte)"
013_p1_t2;013-SAA-0017-7471-PBHI-DE-0001ETAVILACTRATAM360LS-R1.pdf;1;25;LODO ACTIFLO 360 LITROS;**26;-;CRUZETA FD PN 10 FFFF DN100;01;;;pç;"fundo roxo na célula do item; dois asteriscos; código ""-"""
013_p1_t2;013-SAA-0017-7471-PBHI-DE-0001ETAVILACTRATAM360LS-R1.pdf;1;26;LODO ACTIFLO 360 LITROS;*27;282692;TOCO DE TUBO FD FF PN10 MEDINDO 0,25 METROS DN100;02;;;pç;fundo roxo na célula do item
013_p1_t2;013-SAA-0017-7471-PBHI-DE-0001ETAVILACTRATAM360LS-R1.pdf;1;27;LODO ACTIFLO 360 LITROS;*28;93653;FLANGE FD CEGO COM FURACAO PN10 DN100;01;;;pç;fundo roxo na célula do item
013_p1_t2;013-SAA-0017-7471-PBHI-DE-0001ETAVILACTRATAM360LS-R1.pdf;1;28;LODO ACTIFLO 360 LITROS;*29;30775;"LUVA FG BSP POL 1.1/4""";01;;;pç;fundo roxo na célula do item
013_p1_t2;013-SAA-0017-7471-PBHI-DE-0001ETAVILACTRATAM360LS-R1.pdf;1;29;LODO ACTIFLO 360 LITROS;*30;310926;"TUBO ACO CARBONO GALVANIZADO A FOGO CLASSE PRESSAO MEDIA COM COSTURA LONGITUDINAL 6M ROSCA BSP POL 1.1/4""";0.5;;;m;"fundo roxo na célula do item; quantidade com ponto decimal (0.5)"
013_p1_t2;013-SAA-0017-7471-PBHI-DE-0001ETAVILACTRATAM360LS-R1.pdf;1;30;LODO ACTIFLO 360 LITROS;*31;302111;"VALVULA ESFERA TRIPARTIDA CORPO ESFERA ALAVANCA EM INOX 304 PASSAGEM PLENA VEDACAO PTFE PN25 (CLASSE 300) ROSCA BSP POL 1.1/4""";01;;;pç;fundo roxo na célula do item
013_p1_t2;013-SAA-0017-7471-PBHI-DE-0001ETAVILACTRATAM360LS-R1.pdf;1;31;LODO ACTIFLO 360 LITROS;**32;-;BOMBA MEGAFLOW 80-250 K Q=60 m3/h - 30 mca (DUAS OPERANDO MAIS UMA RESERVA DE BANCADA);03;;;cj;"fundo roxo na célula do item; dois asteriscos; código ""-"""
013_p1_t2;013-SAA-0017-7471-PBHI-DE-0001ETAVILACTRATAM360LS-R1.pdf;1;32;LODO ACTIFLO 360 LITROS;*32A;307828;REDUCAO FD FF CONCENTRICA PN10 DN100 DN80;02;;;pç;"fundo roxo na célula do item; item com sufixo A"
013_p1_t2;013-SAA-0017-7471-PBHI-DE-0001ETAVILACTRATAM360LS-R1.pdf;1;33;LODO ACTIFLO 360 LITROS;*33;302420;CURVA FD FF 45 PN10 DN 100;10;;;pç;fundo roxo na célula do item
013_p1_t2;013-SAA-0017-7471-PBHI-DE-0001ETAVILACTRATAM360LS-R1.pdf;1;34;LODO ACTIFLO 360 LITROS;*34;308640;TUBO ESPECIAL ACO CARBONO ASTM A1018 SS GR40 EPOXI AZUL 406(INT) 1000(EXT) UM ESP 6,35MM AWWA C200 C210 NBR7560 PP PN10 DE118MM DN100 (Comprim. 1,80m);02 / 31,57;;;pç / kg;"fundo roxo na célula do item; qtd/unid empilhadas separadas por linha tracejada"
013_p1_t2;013-SAA-0017-7471-PBHI-DE-0001ETAVILACTRATAM360LS-R1.pdf;1;35;LODO ACTIFLO 360 LITROS;*35;308640;TUBO ESPECIAL ACO CARBONO ASTM A1018 SS GR40 EPOXI AZUL 406(INT) 1000(EXT) UM ESP 6,35MM AWWA C200 C210 NBR7560 PP PN10 DE118MM DN100 (Comprim. 2,50m);02 / 43,85;;;pç / kg;"fundo roxo na célula do item; qtd/unid empilhadas separadas por linha tracejada"
013_p1_t2;013-SAA-0017-7471-PBHI-DE-0001ETAVILACTRATAM360LS-R1.pdf;1;36;LODO ACTIFLO 360 LITROS;*36;282712;CURVA FD FF 90 PN10 DN100;06;;;pç;fundo roxo na célula do item
013_p1_t2;013-SAA-0017-7471-PBHI-DE-0001ETAVILACTRATAM360LS-R1.pdf;1;37;LODO ACTIFLO 360 LITROS;*37;308640;TUBO ESPECIAL ACO CARBONO ASTM A1018 SS GR40 EPOXI AZUL 406(INT) 1000(EXT) UM ESP 6,35MM AWWA C200 C210 NBR7560 PP PN10 DE118MM DN100 (Comprim. 0,80m);04 / 14,03;;;pç / kg;"fundo roxo na célula do item; qtd/unid empilhadas separadas por linha tracejada"
013_p1_t2;013-SAA-0017-7471-PBHI-DE-0001ETAVILACTRATAM360LS-R1.pdf;1;38;LODO ACTIFLO 360 LITROS;*38;306994;TUBO FD FF PN10 MEDINDO 5,80 METROS DN100;02;;;pç;fundo roxo na célula do item
013_p1_t2;013-SAA-0017-7471-PBHI-DE-0001ETAVILACTRATAM360LS-R1.pdf;1;39;LODO ACTIFLO 360 LITROS;*39;308640;TUBO ESPECIAL ACO CARBONO ASTM A1018 SS GR40 EPOXI AZUL 406(INT) 1000(EXT) UM ESP 6,35MM AWWA C200 C210 NBR7560 PP PN10 DE118MM DN100 (Comprim. 4,70m);01 / 84,38;;;pç / kg;"fundo roxo na célula do item; qtd/unid empilhadas separadas por linha tracejada"
013_p1_t2;013-SAA-0017-7471-PBHI-DE-0001ETAVILACTRATAM360LS-R1.pdf;1;40;LODO ACTIFLO 360 LITROS;*40;308640;TUBO ESPECIAL ACO CARBONO ASTM A1018 SS GR40 EPOXI AZUL 406(INT) 1000(EXT) UM ESP 6,35MM AWWA C200 C210 NBR7560 PP PN10 DE118MM DN100 Comprim. 2,70m);01 / 47,36;;;pç / kg;"fundo roxo na célula do item; qtd/unid empilhadas separadas por linha tracejada; parêntese de abertura ausente no impresso"
013_p1_t2;013-SAA-0017-7471-PBHI-DE-0001ETAVILACTRATAM360LS-R1.pdf;1;41;LODO ACTIFLO 360 LITROS;*41;308640;TUBO ESPECIAL ACO CARBONO ASTM A1018 SS GR40 EPOXI AZUL 406(INT) 1000(EXT) UM ESP 6,35MM AWWA C200 C210 NBR7560 PP PN10 DE118MM DN100 (Comprim. 2,40m);01 / 42,10;;;pç / kg;"fundo roxo na célula do item; qtd/unid empilhadas separadas por linha tracejada"
013_p1_t2;013-SAA-0017-7471-PBHI-DE-0001ETAVILACTRATAM360LS-R1.pdf;1;42;LODO ACTIFLO 360 LITROS;*42;299699;CURVA FD FF 90 PN10 DN150;03;;;pç;fundo roxo na célula do item
013_p1_t2;013-SAA-0017-7471-PBHI-DE-0001ETAVILACTRATAM360LS-R1.pdf;1;43;LODO ACTIFLO 360 LITROS;*43;308641;TUBO ESPECIAL ACO CARBONO ASTM A1018 SS GR40 EPOXI AZUL 406(INT) 1000(EXT) UM ESP 6,35MM AWWA C200 C210 NBR7560 PP PN10 DE170MM DN150 (Comprim. 2,15m);01 / 55,27;;;pç / kg;"fundo roxo na célula do item; qtd/unid empilhadas separadas por linha tracejada"
013_p1_t2;013-SAA-0017-7471-PBHI-DE-0001ETAVILACTRATAM360LS-R1.pdf;1;44;LODO ACTIFLO 360 LITROS;*44;307833;REDUCAO FD FF CONCENTRICA PN10 DN200 DN150;01;;;pç;fundo roxo na célula do item
013_p1_t2;013-SAA-0017-7471-PBHI-DE-0001ETAVILACTRATAM360LS-R1.pdf;1;45;LODO ACTIFLO 360 LITROS;*45;13234;TE FD FFF PN10 DN200;01;;;pç;fundo roxo na célula do item (último com fundo roxo)
013_p1_t2;013-SAA-0017-7471-PBHI-DE-0001ETAVILACTRATAM360LS-R1.pdf;1;46;LODO ACTIFLO 360 LITROS;46;4901;CURVA FD FF 90 PN10 DN200;03;;;pç;
013_p1_t2;013-SAA-0017-7471-PBHI-DE-0001ETAVILACTRATAM360LS-R1.pdf;1;47;LODO ACTIFLO 360 LITROS;47;283957;TUBO FD FF PN10 MEDINDO 5,80 METROS DN200 (Comprim. 1,30m);01;;;pç;
013_p1_t2;013-SAA-0017-7471-PBHI-DE-0001ETAVILACTRATAM360LS-R1.pdf;1;48;LODO ACTIFLO 360 LITROS;48;283957;TUBO FD FF PN10 MEDINDO 5,80 METROS DN200 (Comprim. 2,30m);01;;;pç;
013_p1_t2;013-SAA-0017-7471-PBHI-DE-0001ETAVILACTRATAM360LS-R1.pdf;1;49;LODO ACTIFLO 360 LITROS;49;305940;TUBO FD PF PN10 MEDIDAS DE 4,51 ATE 5,00 METROS DN200 (Comprim. 2,30m);01;;;pç;
013_p1_t2;013-SAA-0017-7471-PBHI-DE-0001ETAVILACTRATAM360LS-R1.pdf;1;50;LODO ACTIFLO 360 LITROS;50;4898;CURVA FD JE 2GS BB 90 DN200;01;;;pç;
013_p1_t2;013-SAA-0017-7471-PBHI-DE-0001ETAVILACTRATAM360LS-R1.pdf;1;51;LODO ACTIFLO 360 LITROS;S/N;308773;ABA DE VEDACAO ESPECIAL ACO CARBONO ASTM A1018 SS GR 40 EPOXI AZUL 1000 UM ESP 6,35MM AWWA C200 C210 NBR 7560 PN10 DE222 DN200 (Observação: Descentralizada - ver desenho);02 / 2,61;;;pç / kg;qtd/unid empilhadas separadas por linha tracejada
013_p1_t2;013-SAA-0017-7471-PBHI-DE-0001ETAVILACTRATAM360LS-R1.pdf;1;52;LODO ACTIFLO 360 LITROS;S/N;308409;FLANGE ESPECIAL ACO CARBONO ASTM A1018 SS GR 40 EPOXI OCRE 1000 UM ESP 15,8MM AWWA C200 C210 NBR 7560 PARA ESGOTO PN10 DE222 DN200;1 / 6,48;;;pç / kg;"qtd/unid empilhadas separadas por linha tracejada; quantidade ""1"" sem zero à esquerda"
013_p1_t2;013-SAA-0017-7471-PBHI-DE-0001ETAVILACTRATAM360LS-R1.pdf;1;53;LODO ACTIFLO 360 LITROS;S/N;308408;FLANGE ESPECIAL ACO CARBONO ASTM A1018 SS GR 40 EPOXI OCRE 1000 UM ESP 14,2MM AWWA C200 C210 NBR 7560 PARA ESGOTO PN10 DE170 DN150;6 / 4,6;;;pç / kg;qtd/unid empilhadas separadas por linha tracejada
013_p1_t2;013-SAA-0017-7471-PBHI-DE-0001ETAVILACTRATAM360LS-R1.pdf;1;54;LODO ACTIFLO 360 LITROS;S/N;308602;FLANGE ESPECIAL ACO CARBONO ASTM A1018 SS GR 40 EPOXI AZUL 1000 UM ESP 14,2MM AWWA C200 C210 NBR 7560 PN10 DE118 DN100;24 / 3,03;;;pç / kg;qtd/unid empilhadas separadas por linha tracejada
013_p1_t2;013-SAA-0017-7471-PBHI-DE-0001ETAVILACTRATAM360LS-R1.pdf;1;55;LODO ACTIFLO 360 LITROS;S/N;304526;ARRUELA DE BORRACHA PARA FLANGE PN10 DN80;02;;;cj;unidade cj (impresso)
013_p1_t2;013-SAA-0017-7471-PBHI-DE-0001ETAVILACTRATAM360LS-R1.pdf;1;56;LODO ACTIFLO 360 LITROS;S/N;304527;ARRUELA DE BORRACHA PARA FLANGE PN10 DN100;43;;;pç;
013_p1_t2;013-SAA-0017-7471-PBHI-DE-0001ETAVILACTRATAM360LS-R1.pdf;1;57;LODO ACTIFLO 360 LITROS;S/N;304529;ARRUELA DE BORRACHA PARA FLANGE PN10 DN150;12;;;pç;
013_p1_t2;013-SAA-0017-7471-PBHI-DE-0001ETAVILACTRATAM360LS-R1.pdf;1;58;LODO ACTIFLO 360 LITROS;S/N;301793;"ARRUELA LISA, EM ACO INOX AISI 316, NORMA: DIN 125 A; - M16";720;;;pç;
013_p1_t2;013-SAA-0017-7471-PBHI-DE-0001ETAVILACTRATAM360LS-R1.pdf;1;59;LODO ACTIFLO 360 LITROS;S/N;301794;"ARRUELA LISA, EM ACO INOX AISI 316, NORMA: DIN 125 A; - M20";192;;;pç;
013_p1_t2;013-SAA-0017-7471-PBHI-DE-0001ETAVILACTRATAM360LS-R1.pdf;1;60;LODO ACTIFLO 360 LITROS;S/N;301787;"PORCA SEXTAVADA, EM ACO INOX AISI 316, NORMA: DIN 934; ROSCA METRICA NORMAL - M16";360;;;pç;"espaço ""PORCAS EXTAVADA"" deslocado pelo renderizador; lido como PORCA SEXTAVADA"
013_p1_t2;013-SAA-0017-7471-PBHI-DE-0001ETAVILACTRATAM360LS-R1.pdf;1;61;LODO ACTIFLO 360 LITROS;S/N;301788;"PORCA SEXTAVADA, EM ACO INOX AISI 316, NORMA: DIN 934; ROSCA METRICA NORMAL - M20";96;;;pç;"espaço ""PORCAS EXTAVADA"" deslocado pelo renderizador; lido como PORCA SEXTAVADA"
013_p1_t2;013-SAA-0017-7471-PBHI-DE-0001ETAVILACTRATAM360LS-R1.pdf;1;62;LODO ACTIFLO 360 LITROS;S/N;301774;PARAFUSO ACO INOX 316 A4 ROSCA INTEGRAL CABECA SEXTAVADA M16 X 80MM;360;;;pç;
013_p1_t2;013-SAA-0017-7471-PBHI-DE-0001ETAVILACTRATAM360LS-R1.pdf;1;63;LODO ACTIFLO 360 LITROS;S/N;301775;PARAFUSO ACO INOX 316 A4 ROSCA INTEGRAL CABECA SEXTAVADA M20 X 90MM;96;;;pç;
019_p1_t0;019-SAA-0017-7471-PBHI-DE-0001ETAVILACTRATAM600LS-R1.pdf;1;1;;60;299651;EXTREMIDADE FD PF 700MM COM ABA DE VEDACAO PN10 DN150;;06;;pç;título da tabela: DRENAGEM MÓD. TRATAMENTO COM MICRO AREIA 600 L/S - só coluna 1ª ETAPA
019_p1_t0;019-SAA-0017-7471-PBHI-DE-0001ETAVILACTRATAM600LS-R1.pdf;1;2;;61;299850;REGISTRO GAVETA FD COM CUNHA ELASTICA E VOLANTE FF SERIE 14 CORPO CURTO PN 10 DN 150;;06;;pç;
019_p1_t0;019-SAA-0017-7471-PBHI-DE-0001ETAVILACTRATAM600LS-R1.pdf;1;3;;62;299746;TOCO DE TUBO FD FF PN10 MEDINDO 0,25 METROS DN150;;04;;pç;
019_p1_t0;019-SAA-0017-7471-PBHI-DE-0001ETAVILACTRATAM600LS-R1.pdf;1;4;;63;299744;JUNTA DE DESMONTAGEM TRAVADA ACO/FD PN10 DN150;;04;;pç;
019_p1_t0;019-SAA-0017-7471-PBHI-DE-0001ETAVILACTRATAM600LS-R1.pdf;1;5;;64;305887;TUBO FD PF PN10 MEDIDAS DE 0,51 ATE 1,00 METROS DN150 (Comprim. 0,70m);;02;;pç;
019_p1_t0;019-SAA-0017-7471-PBHI-DE-0001ETAVILACTRATAM600LS-R1.pdf;1;6;;65;282680;TOCO DE TUBO FD FF PN10 MEDINDO 0,50 METROS DN150;;02;;pç;borda inferior da célula UN tracejada (artefato) - não é risco
019_p1_t0;019-SAA-0017-7471-PBHI-DE-0001ETAVILACTRATAM600LS-R1.pdf;1;7;;66;299696;CURVA FD FF 45 PN10 DN 150;;02;;pç;
019_p1_t0;019-SAA-0017-7471-PBHI-DE-0001ETAVILACTRATAM600LS-R1.pdf;1;8;;67;305888;TUBO FD PF PN10 MEDIDAS DE 1,01 ATE 1,50 METROS DN150 (Comprim. 1,50m);;04;;pç;"espaço duplo impresso antes de ""(Comprim."" normalizado para um"
019_p1_t0;019-SAA-0017-7471-PBHI-DE-0001ETAVILACTRATAM600LS-R1.pdf;1;9;;68;299699;CURVA FD FF 90 PN10 DN150;;;;pç;célula 1ª ETAPA vazia no desenho (quantidade ausente)
019_p1_t0;019-SAA-0017-7471-PBHI-DE-0001ETAVILACTRATAM600LS-R1.pdf;1;10;;69;308641;TUBO ESPECIAL ACO CARBONO ASTM A1018 SS GR40 EPOXI AZUL 406(INT) 1000(EXT) UM ESP6,35MM AWWA C200 C210 NBR7560 PP PN10 DE170MM DN150 (Comprim. 2,10m);;02 / 53,99;;pç / kg;"descrição em 2 linhas - célula de quantidade empilhada 02 sobre 53,99 separada por linha tracejada - UN impressa ""pç - kg"" numa só linha cortada pela mesma linha tracejada (parece riscado mas é o separador)"
019_p1_t0;019-SAA-0017-7471-PBHI-DE-0001ETAVILACTRATAM600LS-R1.pdf;1;11;;S/N;308604;FLANGE ESPECIAL ACO CARBONO ASTM A1018 SS GR 40 EPOXI AZUL 1000 UM ESP 14,2MM AWWA C200 C210 NBR 7560 PN10 DE170 DN150;;12 / 4,60;;pç / kg;"descrição em 2 linhas - quantidade empilhada 12 sobre 4,60 - UN ""pç - kg"" cortada pela linha tracejada separadora (não é risco)"
019_p1_t0;019-SAA-0017-7471-PBHI-DE-0001ETAVILACTRATAM600LS-R1.pdf;1;12;;S/N;304529;ARRUELA DE BORRACHA PARA FLANGE PN10 DN150;;22;;pç;
019_p1_t0;019-SAA-0017-7471-PBHI-DE-0001ETAVILACTRATAM600LS-R1.pdf;1;13;;S/N;301794;"ARRUELA LISA, EM ACO INOX AISI 316, NORMA: DIN 125A; - M20";;352;;pç;"descrição contém "";"""
019_p1_t0;019-SAA-0017-7471-PBHI-DE-0001ETAVILACTRATAM600LS-R1.pdf;1;14;;S/N;301788;"PORCA SEXTAVADA, EM ACO INOX AISI 316, NORMA: DIN 934; ROSCA METRICA NORMAL - M20";;176;;pç;"descrição contém "";"""
019_p1_t0;019-SAA-0017-7471-PBHI-DE-0001ETAVILACTRATAM600LS-R1.pdf;1;15;;S/N;301775;PARAFUSO ACO INOX 316 A4 ROSCA INTEGRAL CABECA SEXTAVADA M20 X 90MM;;176;;pç;
019_p1_t1;019-SAA-0017-7471-PBHI-DE-0001ETAVILACTRATAM600LS-R1.pdf;1;1;;80;314946;GRADE DE PISO ACO CARBONO VAO 0,7 X 0,8M GR 0,9X1,0M;13;;;pç;título da tabela: EQUIPAMENTOS - coluna única QTDE (sem etapas) - moldura azul = viewport do desenho
019_p1_t1;019-SAA-0017-7471-PBHI-DE-0001ETAVILACTRATAM600LS-R1.pdf;1;2;;81;314958;GRADE DE PISO PRFV VAO 0,8 X 1,0M GR 1,0X1,2M;01;;;pç;
019_p1_t1;019-SAA-0017-7471-PBHI-DE-0001ETAVILACTRATAM600LS-R1.pdf;1;3;;82;314953;GRADE DE PISO PRFV VAO 1,0 X 1,0M GR 1,2X1,2M (IN LOCO);06;;;pç;
019_p1_t1;019-SAA-0017-7471-PBHI-DE-0001ETAVILACTRATAM600LS-R1.pdf;1;4;;83;314938;GRADE DE PISO PRFV VAO 0,5 X 0,6M GR 0,7X0,8M (IN LOCO);04;;;pç;
019_p1_t1;019-SAA-0017-7471-PBHI-DE-0001ETAVILACTRATAM600LS-R1.pdf;1;5;;84;302103;GUARDA CORPO PRFV;154;;;m;
019_p1_t1;019-SAA-0017-7471-PBHI-DE-0001ETAVILACTRATAM600LS-R1.pdf;1;6;;*85;-;"TALHA MANUAL DE CORRENTE COM TROLEY - CAPACIDADE DE 500 KG ALTURA DE ELEVACAO 2250MM MONOVIA VIGA "" I ""L=16,80m";154;;;m;"descrição em 2 linhas - código impresso ""-"" - asterisco remete à nota de rodapé ""* VER ESPECIFICAÇÕES"" - qtde 154 m repetida da linha 84 tal como impressa (provável erro de projeto)"
019_p1_t2;019-SAA-0017-7471-PBHI-DE-0001ETAVILACTRATAM600LS-R1.pdf;1;1;;01;307033;EXTREMIDADE FD PF 700MM COM ABA DE VEDACAO PN10 DN1000;;01;;pç;titulos RELACAO DE MATERIAIS / ENTRADA MOD. TRATAMENTO COM MICRO AREIA 600 L/S | colunas 1a ETAPA e 2a ETAPA, cada linha preenche so uma (a outra vazia) | nada riscado
019_p1_t2;019-SAA-0017-7471-PBHI-DE-0001ETAVILACTRATAM600LS-R1.pdf;1;2;;02;305524;EXTREMIDADE FD JE 2GS BF 220MM PN10 DN1000;;01;;pç;
019_p1_t2;019-SAA-0017-7471-PBHI-DE-0001ETAVILACTRATAM600LS-R1.pdf;1;3;;03;305887;TUBO FD PF PN10 MEDIDAS DE 0,51 ATE 1,00 METROS DN150;;01;;pç;
019_p1_t2;019-SAA-0017-7471-PBHI-DE-0001ETAVILACTRATAM600LS-R1.pdf;1;4;;04;299699;CURVA FD FF 90 PN10 DN150;;02;;pç;
019_p1_t2;019-SAA-0017-7471-PBHI-DE-0001ETAVILACTRATAM600LS-R1.pdf;1;5;;05;299746;TOCO DE TUBO FD FF PN10 MEDINDO 0,25 METROS DN150;;01;;pç;
019_p1_t2;019-SAA-0017-7471-PBHI-DE-0001ETAVILACTRATAM600LS-R1.pdf;1;6;;06;305897;TUBO FD PF PN10 MEDIDAS DE 5,51 ATE 5,80 METROS DN150 (Comprim. 5,800m);;01;;pç;
019_p1_t2;019-SAA-0017-7471-PBHI-DE-0001ETAVILACTRATAM600LS-R1.pdf;1;7;;07;3875;CURVA FD JE 2GS BB 90 DN150;;01;;pç;codigo de 4 digitos
019_p1_t2;019-SAA-0017-7471-PBHI-DE-0001ETAVILACTRATAM600LS-R1.pdf;1;8;;08;306046;TUBO FD PF PN10 MEDIDAS DE 0,51 ATE 1,00 METROS DN300;;;01;pç;quantidade so na 2a etapa
019_p1_t2;019-SAA-0017-7471-PBHI-DE-0001ETAVILACTRATAM600LS-R1.pdf;1;9;;09;5037;CURVA FD FF 90 PN10 DN300;;;02;pç;quantidade so na 2a etapa
019_p1_t2;019-SAA-0017-7471-PBHI-DE-0001ETAVILACTRATAM600LS-R1.pdf;1;10;;10;288885;TOCO DE TUBO FD FF PN10 MEDINDO 0,25 METROS DN300;;01;;pç;
019_p1_t2;019-SAA-0017-7471-PBHI-DE-0001ETAVILACTRATAM600LS-R1.pdf;1;11;;11;306056;TUBO FD PF PN10 MEDIDAS DE 5,51 ATE 5,80 METROS DN300 (Comprim. 5,800m);;;01;pç;quantidade so na 2a etapa
019_p1_t2;019-SAA-0017-7471-PBHI-DE-0001ETAVILACTRATAM600LS-R1.pdf;1;12;;12;5010;CURVA FD JE 2GS BB 90 DN300;;;02;pç;quantidade so na 2a etapa
019_p1_t2;019-SAA-0017-7471-PBHI-DE-0001ETAVILACTRATAM600LS-R1.pdf;1;13;;S/N;304529;ARRUELA DE BORRACHA PARA FLANGE PN10 DN150;;04;;pç;
019_p1_t2;019-SAA-0017-7471-PBHI-DE-0001ETAVILACTRATAM600LS-R1.pdf;1;14;;S/N;304531;ARRUELA DE BORRACHA PARA FLANGE PN10 DN300;;04;;pç;
019_p1_t2;019-SAA-0017-7471-PBHI-DE-0001ETAVILACTRATAM600LS-R1.pdf;1;15;;S/N;112879;ARRUELA DE BORRACHA PARA FLANGE PN10 DN1000;;01;;pç;
019_p1_t2;019-SAA-0017-7471-PBHI-DE-0001ETAVILACTRATAM600LS-R1.pdf;1;16;;S/N;301794;"ARRUELA LISA, EM ACO INOX AISI 316, NORMA: DIN 125A; - M20";;160;;pç;ponto-e-virgula na descricao
019_p1_t2;019-SAA-0017-7471-PBHI-DE-0001ETAVILACTRATAM600LS-R1.pdf;1;17;;S/N;301798;"ARRUELA LISA, EM ACO INOX AISI 316, NORMA: DIN 125A; - M33";;56;;pç;
019_p1_t2;019-SAA-0017-7471-PBHI-DE-0001ETAVILACTRATAM600LS-R1.pdf;1;18;;S/N;301788;"PORCA SEXTAVADA, EM ACO INOX AISI 316, NORMA: DIN 934; ROSCA METRICA NORMAL - M20";;80;;pç;
019_p1_t2;019-SAA-0017-7471-PBHI-DE-0001ETAVILACTRATAM600LS-R1.pdf;1;19;;S/N;301789;"PORCA SEXTAVADA, EM ACO INOX AISI 316, NORMA: DIN 934; ROSCA METRICA NORMAL - M33";;28;;pç;
019_p1_t2;019-SAA-0017-7471-PBHI-DE-0001ETAVILACTRATAM600LS-R1.pdf;1;20;;S/N;301775;PARAFUSO ACO INOX 316 A4 ROSCA INTEGRAL CABECA SEXTAVADA M20 X 90MM;;80;;pç;
019_p1_t2;019-SAA-0017-7471-PBHI-DE-0001ETAVILACTRATAM600LS-R1.pdf;1;21;;S/N;301778;PARAFUSO ACO INOX 316 A4 CABECA SEXTAVADA ROSCA INTEIRA DIN 933 M33 X 150MM;;28;;pç;nota de rodape * VER ESPECIFICACOES abaixo
019_p1_t3;019-SAA-0017-7471-PBHI-DE-0001ETAVILACTRATAM600LS-R1.pdf;1;1;;*20;305939;TUBO FD PF PN10 MEDIDAS DE 4,01 ATE 4,50 METROS DN200 (Comprim. 4,30m);;01;01;m;"títulos: RELAÇÃO DE MATERIAIS / LODO MÓD TRATAMENTO COM MICRO AREIA 600 L/S - célula do item com fundo roxo (itens *20 a *56) - asterisco remete à nota ""* VER ESPECIFICAÇÕES"""
019_p1_t3;019-SAA-0017-7471-PBHI-DE-0001ETAVILACTRATAM600LS-R1.pdf;1;2;;*21;298743;TUBO POLIETILENO PE 100 PN 10 (BARRA COM 6,0 M) DE 110;;05;04;m;célula do item com fundo roxo
019_p1_t3;019-SAA-0017-7471-PBHI-DE-0001ETAVILACTRATAM600LS-R1.pdf;1;3;;*22;40088;PLACA REDUCAO FD PN10 DN200 DN100;;01;01;pç;célula do item com fundo roxo - código com 5 dígitos
019_p1_t3;019-SAA-0017-7471-PBHI-DE-0001ETAVILACTRATAM600LS-R1.pdf;1;4;;*23;309900;COLARINHO POLIETILENO INJETADO TERMOFUSAO PE 100 PN 10 DE 110;;01;01;pç;célula do item com fundo roxo
019_p1_t3;019-SAA-0017-7471-PBHI-DE-0001ETAVILACTRATAM600LS-R1.pdf;1;5;;*24;2917;CURVA FD FF 11 PN10 DN100;;01;01;pç;célula do item com fundo roxo - código com 4 dígitos
019_p1_t3;019-SAA-0017-7471-PBHI-DE-0001ETAVILACTRATAM600LS-R1.pdf;1;6;;*25;312006;REGISTRO GAVETA FD COM CUNHA ELASTICA E VOLANTE FF SERIE 15 CORPO LONGO PN 10 DN 100;;05;05;pç;"célula do item com fundo roxo - descrição em 2 linhas (quebra ""DN"" / ""100"")"
019_p1_t3;019-SAA-0017-7471-PBHI-DE-0001ETAVILACTRATAM600LS-R1.pdf;1;7;;*26;-;CRUZETA FD PN 10 FFFF DN100;;01;01;pç;"célula do item com fundo roxo - código ""-"""
019_p1_t3;019-SAA-0017-7471-PBHI-DE-0001ETAVILACTRATAM600LS-R1.pdf;1;8;;*27;282692;TOCO DE TUBO FD FF PN10 MEDINDO 0,25 METROS DN100;;02;02;pç;célula do item com fundo roxo
019_p1_t3;019-SAA-0017-7471-PBHI-DE-0001ETAVILACTRATAM600LS-R1.pdf;1;9;;*28;93653;FLANGE FD CEGO COM FURACAO PN10 DN100;;01;01;pç;célula do item com fundo roxo
019_p1_t3;019-SAA-0017-7471-PBHI-DE-0001ETAVILACTRATAM600LS-R1.pdf;1;10;;*29;30775;"LUVA FG BSP POL 1.1/4""";;01;01;pç;célula do item com fundo roxo
019_p1_t3;019-SAA-0017-7471-PBHI-DE-0001ETAVILACTRATAM600LS-R1.pdf;1;11;;*30;310926;"TUBO ACO CARBONO GALVANIZADO A FOGO CLASSE PRESSAO MEDIA COM COSTURA LONGITUDINAL 6M ROSCA BSP POL 1.1/4""";;01;;pç;célula do item com fundo roxo - descrição em 2 linhas - 2ª etapa vazia
019_p1_t3;019-SAA-0017-7471-PBHI-DE-0001ETAVILACTRATAM600LS-R1.pdf;1;12;;*31;302111;"VALVULA ESFERA TRIPARTIDA CORPO ESFERA ALAVANCA EM INOX 304 PASSAGEM PLENA VEDACAO PTFE PN25 (CLASSE 300) ROSCA BSP POL 1.1/4""";;01;01;pç;célula do item com fundo roxo - descrição em 2 linhas
019_p1_t3;019-SAA-0017-7471-PBHI-DE-0001ETAVILACTRATAM600LS-R1.pdf;1;13;;*32;-;BOMBA MEGAFLOW 80-250 K Q= 60 m3/h - 30 mca (QUATRO OPERANDO MAIS UMA RESERVA DE BANCADA);;03;02;cj;"célula do item com fundo roxo - descrição em 2 linhas - código ""-"""
019_p1_t3;019-SAA-0017-7471-PBHI-DE-0001ETAVILACTRATAM600LS-R1.pdf;1;14;;*33;307828;REDUCAO FD FF CONCENTRICA PN10 DN100 DN80;;02;02;pç;célula do item com fundo roxo
019_p1_t3;019-SAA-0017-7471-PBHI-DE-0001ETAVILACTRATAM600LS-R1.pdf;1;15;;*34;302420;CURVA FD FF 45 PN10 DN 100;;10;10;pç;célula do item com fundo roxo
019_p1_t3;019-SAA-0017-7471-PBHI-DE-0001ETAVILACTRATAM600LS-R1.pdf;1;16;;*35;308640;TUBO ESPECIAL ACO CARBONO ASTM A1018 SS GR40 EPOXI AZUL 406(INT) 1000(EXT) UM ESP6,35MM AWWA C200 C210 NBR7560 PP PN10 DE118MM DN100 (Comprim. 1,56m);;02 / 20,06;02 / 20,06;pç / kg;"célula do item com fundo roxo - descrição em 2 linhas - quantidade impressa em uma linha como ""02 - 20,06"" (peças - peso), UN empilhada pç sobre kg - linha horizontal (separador pç/kg da coluna UN) atravessa o texto das quantidades - parece riscado mas é o separador de sub-linha (a mesma linha passa por células vazias) - não marcado como riscado (mesmo valor nas duas etapas)"
019_p1_t3;019-SAA-0017-7471-PBHI-DE-0001ETAVILACTRATAM600LS-R1.pdf;1;17;;*36;282712;CURVA FD FF 90 PN10 DN100;;06;06;pç;célula do item com fundo roxo
019_p1_t3;019-SAA-0017-7471-PBHI-DE-0001ETAVILACTRATAM600LS-R1.pdf;1;18;;*37;308640;TUBO ESPECIAL ACO CARBONO ASTM A1018 SS GR40 EPOXI AZUL 406(INT) 1000(EXT) UM ESP6,35MM AWWA C200 C210 NBR7560 PP PN10 DE118MM DN100 (Comprim. 0,80m);;05 / 7,79;04 / 6,24;pç / kg;"célula do item com fundo roxo - descrição em 2 linhas - quantidade impressa em uma linha como ""05 - 7,79"" e ""04 - 6,24"" (peças - peso), UN empilhada pç sobre kg - linha horizontal (separador pç/kg da coluna UN) atravessa o texto das quantidades - parece riscado mas é o separador de sub-linha (a mesma linha passa por células vazias) - não marcado como riscado"
019_p1_t3;019-SAA-0017-7471-PBHI-DE-0001ETAVILACTRATAM600LS-R1.pdf;1;19;;*38;306994;TUBO FD FF PN10 MEDINDO 5,80 METROS DN100;;03;06;pç;"célula do item com fundo roxo - célula UN mostra ""pç"" e um separador tracejado com ""kg"" cortado pela borda da linha (resto de célula empilhada) - unidade efetiva pç"
019_p1_t3;019-SAA-0017-7471-PBHI-DE-0001ETAVILACTRATAM600LS-R1.pdf;1;20;;*39;308640;TUBO ESPECIAL ACO CARBONO ASTM A1018 SS GR40 EPOXI AZUL 406(INT) 1000(EXT) UM ESP6,35MM AWWA C200 C210 NBR7560 PP PN10 DE118MM DN100 (Comprim. 0,65m);;01 / 8,03;01 / 8,03;pç / kg;"célula do item com fundo roxo - descrição em 2 linhas - quantidade impressa em uma linha como ""01 - 8,03"" (peças - peso), UN empilhada pç sobre kg - linha horizontal (separador pç/kg da coluna UN) atravessa o texto das quantidades - parece riscado mas é o separador de sub-linha (a mesma linha passa por células vazias) - não marcado como riscado"
019_p1_t3;019-SAA-0017-7471-PBHI-DE-0001ETAVILACTRATAM600LS-R1.pdf;1;21;;*40;308640;TUBO ESPECIAL ACO CARBONO ASTM A1018 SS GR40 EPOXI AZUL 406(INT) 1000(EXT) UM ESP6,35MM AWWA C200 C210 NBR7560 PP PN10 DE118MM DN100 Comprim. 2,40m);;01 / 30,85;01 / 30,85;pç / kg;"célula do item com fundo roxo - descrição em 2 linhas - quantidade impressa em uma linha como ""01 - 30,85"" (peças - peso), UN empilhada pç sobre kg - linha horizontal (separador pç/kg da coluna UN) atravessa o texto das quantidades - parece riscado mas é o separador de sub-linha (a mesma linha passa por células vazias) - não marcado como riscado - parêntese de abertura ausente no impresso ""Comprim. 2,40m)"""
019_p1_t3;019-SAA-0017-7471-PBHI-DE-0001ETAVILACTRATAM600LS-R1.pdf;1;22;;*41;308640;TUBO ESPECIAL ACO CARBONO ASTM A1018 SS GR40 EPOXI AZUL 406(INT) 1000(EXT) UM ESP6,35MM AWWA C200 C210 NBR7560 PP PN10 DE118MM DN100 (Comprim. 3,10m);;01 / 39,85;01 / 39,85;pç / kg;"célula do item com fundo roxo - descrição em 2 linhas - quantidade impressa em uma linha como ""01 - 39,85"" (peças - peso), UN empilhada pç sobre kg - linha horizontal (separador pç/kg da coluna UN) atravessa o texto das quantidades - parece riscado mas é o separador de sub-linha (a mesma linha passa por células vazias) - não marcado como riscado"
019_p1_t3;019-SAA-0017-7471-PBHI-DE-0001ETAVILACTRATAM600LS-R1.pdf;1;23;;*42;308640;TUBO ESPECIAL ACO CARBONO ASTM A1018 SS GR40 EPOXI AZUL 406(INT) 1000(EXT) UM ESP6,35MM AWWA C200 C210 NBR7560 PP PN10 DE118MM DN100 (Comprim. 2,60m);;01 / 33,43;01 / 33,43;pç / kg;"célula do item com fundo roxo - descrição em 2 linhas - quantidade impressa em uma linha como ""01 - 33,43"" (peças - peso), UN empilhada pç sobre kg - linha horizontal (separador pç/kg da coluna UN) atravessa o texto das quantidades - parece riscado mas é o separador de sub-linha (a mesma linha passa por células vazias) - não marcado como riscado"
019_p1_t3;019-SAA-0017-7471-PBHI-DE-0001ETAVILACTRATAM600LS-R1.pdf;1;24;;*43;282719;TOCO DE TUBO FD FF PN10 MEDINDO 0,50 METROS DN100;;01;01;pç;célula do item com fundo roxo
019_p1_t3;019-SAA-0017-7471-PBHI-DE-0001ETAVILACTRATAM600LS-R1.pdf;1;25;;*44;299699;CURVA FD FF 90 PN10 DN150;;03;03;pç;célula do item com fundo roxo
019_p1_t3;019-SAA-0017-7471-PBHI-DE-0001ETAVILACTRATAM600LS-R1.pdf;1;26;;*45;283956;TUBO FD FF PN10 DN150 (Comprim. 2,25m);;01;01;pç;célula do item com fundo roxo
019_p1_t3;019-SAA-0017-7471-PBHI-DE-0001ETAVILACTRATAM600LS-R1.pdf;1;27;;*46;283956;TUBO FD FF PN10 DN150 (Comprim. 1,55m);;01;01;pç;célula do item com fundo roxo
019_p1_t3;019-SAA-0017-7471-PBHI-DE-0001ETAVILACTRATAM600LS-R1.pdf;1;28;;*47;283956;TUBO FD FF PN10 DN150 (Comprim. 1,75m);;01;01;pç;célula do item com fundo roxo
019_p1_t3;019-SAA-0017-7471-PBHI-DE-0001ETAVILACTRATAM600LS-R1.pdf;1;29;;*48;307834;REDUCAO FD FF CONCENTRICA PN10 DN250 DN150;;02;02;pç;célula do item com fundo roxo - borda inferior tracejada nas células 2ª ETAPA/UN (artefato) - não é risco
019_p1_t3;019-SAA-0017-7471-PBHI-DE-0001ETAVILACTRATAM600LS-R1.pdf;1;30;;*49;13412;TE FD FFF PN10 DN250;;01;01;pç;célula do item com fundo roxo
019_p1_t3;019-SAA-0017-7471-PBHI-DE-0001ETAVILACTRATAM600LS-R1.pdf;1;31;;*50;4952;CURVA FD FF 90 PN10 DN250;;02;01;pç;célula do item com fundo roxo
019_p1_t3;019-SAA-0017-7471-PBHI-DE-0001ETAVILACTRATAM600LS-R1.pdf;1;32;;*51;146412;TUBO FD FF PN10 DN250 (Comprim. 0,60m);;01;;pç;célula do item com fundo roxo - 2ª etapa vazia
019_p1_t3;019-SAA-0017-7471-PBHI-DE-0001ETAVILACTRATAM600LS-R1.pdf;1;33;;*52;307838;REDUCAO FD FF CONCENTRICA PN10 DN300 DN250;;01;01;pç;célula do item com fundo roxo
019_p1_t3;019-SAA-0017-7471-PBHI-DE-0001ETAVILACTRATAM600LS-R1.pdf;1;34;;*53;13609;TE FD FFF PN10 DN300;;01;;pç;célula do item com fundo roxo - 2ª etapa vazia
019_p1_t3;019-SAA-0017-7471-PBHI-DE-0001ETAVILACTRATAM600LS-R1.pdf;1;35;;*54;146412;TUBO FD FF PN10 DN250 (Comprim. 0,95m);;01;;pç;célula do item com fundo roxo - 2ª etapa vazia
019_p1_t3;019-SAA-0017-7471-PBHI-DE-0001ETAVILACTRATAM600LS-R1.pdf;1;36;;*55;146412;TUBO FD FF PN10 DN250 (Comprim. 5,80m);;01;;pç;célula do item com fundo roxo - 2ª etapa vazia
019_p1_t3;019-SAA-0017-7471-PBHI-DE-0001ETAVILACTRATAM600LS-R1.pdf;1;37;;*56;146412;TUBO FD FF PN10 DN250 (Comprim. 1,45m);;01;;pç;célula do item com fundo roxo - 2ª etapa vazia
019_p1_t3;019-SAA-0017-7471-PBHI-DE-0001ETAVILACTRATAM600LS-R1.pdf;1;38;;S/N;308773;ABA DE VEDACAO ESPECIAL ACO CARBONO ASTM A1018 SS GR 40 EPOXI AZUL 1000 UM ESP 6,35MM AWWA C200 C210 NBR 7560 PN10 DE222 DN200 (Observação: Descentralizada - ver;;04 / 2,61;;pç / kg;"descrição em 2 linhas TRUNCADA no desenho (termina em ""- ver"", texto cortado pela célula) - quantidade impressa ""04 - 2,61"" numa linha com UN pç sobre kg - linha tracejada separadora atravessa o valor e a célula vazia da 2ª etapa (não é risco)"
019_p1_t3;019-SAA-0017-7471-PBHI-DE-0001ETAVILACTRATAM600LS-R1.pdf;1;39;;S/N;308602;FLANGE ESPECIAL ACO CARBONO ASTM A1018 SS GR 40 EPOXI AZUL 1000 UM ESP 14,2MM AWWA C200 C210 NBR 7560 PN10 DE118 DN100;;48 / 3,03;;pç / kg;"descrição em 2 linhas - quantidade impressa ""48 - 3,03"" com UN pç sobre kg - separador tracejado atravessa o valor (não é risco)"
019_p1_t3;019-SAA-0017-7471-PBHI-DE-0001ETAVILACTRATAM600LS-R1.pdf;1;40;;S/N;308604;FLANGE ESPECIAL ACO CARBONO ASTM A1018 SS GR 40 EPOXI AZUL 1000 UM ESP 14,2MM AWWA C200 C210 NBR 7560 PN10 DE170 DN150;;12 / 4,60;;pç / kg;"descrição em 2 linhas - quantidade impressa ""12 - 4,60"" com UN pç sobre kg - separador atravessa o valor (não é risco)"
019_p1_t3;019-SAA-0017-7471-PBHI-DE-0001ETAVILACTRATAM600LS-R1.pdf;1;41;;S/N;304526;ARRUELA DE BORRACHA PARA FLANGE PN10 DN80;;04;;pç;
019_p1_t3;019-SAA-0017-7471-PBHI-DE-0001ETAVILACTRATAM600LS-R1.pdf;1;42;;S/N;304527;ARRUELA DE BORRACHA PARA FLANGE PN10 DN100;;90;;pç;
019_p1_t3;019-SAA-0017-7471-PBHI-DE-0001ETAVILACTRATAM600LS-R1.pdf;1;43;;S/N;304529;ARRUELA DE BORRACHA PARA FLANGE PN10 DN150;;24;;pç;
019_p1_t3;019-SAA-0017-7471-PBHI-DE-0001ETAVILACTRATAM600LS-R1.pdf;1;44;;S/N;304530;ARRUELA DE BORRACHA PARA FLANGE PN10 DN200;;02;;pç;
019_p1_t3;019-SAA-0017-7471-PBHI-DE-0001ETAVILACTRATAM600LS-R1.pdf;1;45;;S/N;301793;"ARRUELA LISA, EM ACO INOX AISI 316, NORMA: DIN 125A; - M16";;1440;;pç;"descrição contém "";"""
019_p1_t3;019-SAA-0017-7471-PBHI-DE-0001ETAVILACTRATAM600LS-R1.pdf;1;46;;S/N;301794;"ARRUELA LISA, EM ACO INOX AISI 316, NORMA: DIN 125A; - M20";;416;;pç;"descrição contém "";"""
019_p1_t3;019-SAA-0017-7471-PBHI-DE-0001ETAVILACTRATAM600LS-R1.pdf;1;47;;S/N;301787;"PORCA SEXTAVADA, EM ACO INOX AISI 316, NORMA: DIN 934; ROSCA METRICA NORMAL - M16";;720;;pç;"descrição contém "";"""
019_p1_t3;019-SAA-0017-7471-PBHI-DE-0001ETAVILACTRATAM600LS-R1.pdf;1;48;;S/N;301788;"PORCA SEXTAVADA, EM ACO INOX AISI 316, NORMA: DIN 934; ROSCA METRICA NORMAL - M20";;208;;pç;"descrição contém "";"""
019_p1_t3;019-SAA-0017-7471-PBHI-DE-0001ETAVILACTRATAM600LS-R1.pdf;1;49;;S/N;301774;PARAFUSO ACO INOX 316 A4 ROSCA INTEGRAL CABECA SEXTAVADA M16 X 80MM;;720;;pç;
019_p1_t3;019-SAA-0017-7471-PBHI-DE-0001ETAVILACTRATAM600LS-R1.pdf;1;50;;S/N;301775;PARAFUSO ACO INOX 316 A4 ROSCA INTEGRAL CABECA SEXTAVADA M20 X 90MM;;208;;pç;
038_p1_t0;038-SAA-0017-7471-PBHI-DE-0001ETAVILACPORTARGUARIT-R1.pdf;1;1;INSTALAÇÃO ESGOTO;01;289251;JOELHO PVC-U JS PB 90º PARA ESGOTO PREDIAL E AGUA PLUVIAL NBR 5688 SERIE NORMAL DN 40;02;;;pç;"unidade impressa PÇ; seção INSTALAÇÃO ESGOTO impressa acima do cabeçalho de colunas (títulos superiores: RELAÇÃO DE MATERIAIS / ETA VILA C - PORTARIA/GUARITA); símbolo º (ordinal) e não °"
038_p1_t0;038-SAA-0017-7471-PBHI-DE-0001ETAVILACPORTARGUARIT-R1.pdf;1;2;INSTALAÇÃO ESGOTO;02;307132;TUBO PVC-U JS PB PARA ESGOTO PREDIAL E AGUA PLUVIAL NBR 5688 SERIE NORMAL 6M DN 40;01;;;pç;6M (OCR leu 5M)
038_p1_t0;038-SAA-0017-7471-PBHI-DE-0001ETAVILACPORTARGUARIT-R1.pdf;1;3;INSTALAÇÃO ESGOTO;03;307130;JOELHO PVC-U JS PB 45º PARA ESGOTO PREDIAL E AGUA PLUVIAL NBR 5688 SERIE NORMAL DN 40;01;;;pç;
038_p1_t0;038-SAA-0017-7471-PBHI-DE-0001ETAVILACPORTARGUARIT-R1.pdf;1;4;INSTALAÇÃO ESGOTO;04;312364;CAIXA SIFONADA QUADRADA OU REDONDA COM GRELHA PVC-U JEI BBP PARA ESGOTO PREDIAL E AGUA PLUVIAL NBR 5688 SERIE NORMAL 3 ENTRADAS DN 100 DN 50 DN 50;01;;;pç;descrição em 2 linhas
038_p1_t0;038-SAA-0017-7471-PBHI-DE-0001ETAVILACPORTARGUARIT-R1.pdf;1;5;INSTALAÇÃO ESGOTO;05;312099;TUBO PVC-U JS PB (DUPLA ATUACAO) PARA ESGOTO PREDIAL E AGUA PLUVIAL NBR 5688 SERIE NORMAL 3M DN 50;01;;;pç;descrição em 2 linhas
038_p1_t0;038-SAA-0017-7471-PBHI-DE-0001ETAVILACPORTARGUARIT-R1.pdf;1;6;INSTALAÇÃO ESGOTO;06;307209;JOELHO PVC-U JEI PB 90º PARA ESGOTO PREDIAL E AGUA PLUVIAL NBR 5688 SERIE NORMAL DN 100;01;;;pç;descrição em 2 linhas (quebra entre DN e 100)
038_p1_t0;038-SAA-0017-7471-PBHI-DE-0001ETAVILACPORTARGUARIT-R1.pdf;1;7;INSTALAÇÃO ESGOTO;07;282921;LUVA DE CORRER PVC-U JEI BB PARA ESGOTO PREDIAL E AGUA PLUVIAL NBR 5688 SERIE NORMAL DN 100;01;;;pç;descrição em 2 linhas
038_p1_t0;038-SAA-0017-7471-PBHI-DE-0001ETAVILACPORTARGUARIT-R1.pdf;1;8;INSTALAÇÃO ESGOTO;08;64831;TUBO PVC-U JEI/JS PB (DUPLA ATUACAO) PARA ESGOTO PREDIAL E AGUA PLUVIAL NBR 5688 SERIE NORMAL 6M DN 100;01;;;pç;"código com 5 dígitos; descrição em 2 linhas"
038_p1_t0;038-SAA-0017-7471-PBHI-DE-0001ETAVILACPORTARGUARIT-R1.pdf;1;9;INSTALAÇÃO ESGOTO;09;312288;JUNCAO REDUCAO PVC-U JEI BB SIMPLES PARA ESGOTO PREDIAL E AGUA PLUVIAL NBR 5688 SERIE NORMAL DN100 DN50;01;;;pç;"descrição em 2 linhas; DN100 DN50 sem espaço"
038_p1_t0;038-SAA-0017-7471-PBHI-DE-0001ETAVILACPORTARGUARIT-R1.pdf;1;10;INSTALAÇÃO ESGOTO;10;312264;JUNCAO PVC-U JEI BB SIMPLES PARA ESGOTO PREDIAL E AGUA PLUVIAL NBR 5688 SERIE NORMAL DN 50;01;;;pç;descrição em 2 linhas
038_p1_t0;038-SAA-0017-7471-PBHI-DE-0001ETAVILACPORTARGUARIT-R1.pdf;1;11;INSTALAÇÃO ESGOTO;11;312155;BUCHA REDUCAO PVC-U JEI/JS PB PARA ESGOTO PREDIAL E AGUA PLUVIAL NBR 5688 SERIE NORMAL DN 50 DN 40;01;;;pç;descrição em 2 linhas
038_p1_t0;038-SAA-0017-7471-PBHI-DE-0001ETAVILACPORTARGUARIT-R1.pdf;1;12;INSTALAÇÃO ESGOTO;12;307205;JOELHO PVC-U JEI PB 45º PARA ESGOTO PREDIAL E AGUA PLUVIAL NBR 5688 SERIE NORMAL DN 50;01;;;pç;
038_p1_t0;038-SAA-0017-7471-PBHI-DE-0001ETAVILACPORTARGUARIT-R1.pdf;1;13;INSTALAÇÃO DE ÁGUA;21;27499;TUBO PVC-U JS PB PN750KPA NBR 5648 (6M) DE 32 DN 25;01;;;pç;"código com 5 dígitos; unidade PÇ para tubo (como impresso)"
038_p1_t0;038-SAA-0017-7471-PBHI-DE-0001ETAVILACPORTARGUARIT-R1.pdf;1;14;INSTALAÇÃO DE ÁGUA;22;308977;JOELHO 90° PVC-U JS BB PN750KPA NBR 5648 DE 32;04;;;pç;símbolo ° (grau) nesta seção
038_p1_t0;038-SAA-0017-7471-PBHI-DE-0001ETAVILACPORTARGUARIT-R1.pdf;1;15;INSTALAÇÃO DE ÁGUA;23;312062;REGISTRO PRESSAO PVC-U JS BB PN 750 KPA NBR 5648 POL 3/4”;01;;;pç;aspas tipográficas ” de polegada
038_p1_t0;038-SAA-0017-7471-PBHI-DE-0001ETAVILACPORTARGUARIT-R1.pdf;1;16;INSTALAÇÃO DE ÁGUA;24;301309;TE 90° PVC-U JS BOLSA/ROSCA CENTRAL PN750KPA NBR 5648 DE 32 POL 3/4”;01;;;pç;
038_p1_t0;038-SAA-0017-7471-PBHI-DE-0001ETAVILACPORTARGUARIT-R1.pdf;1;17;INSTALAÇÃO DE ÁGUA;25;301330;JOELHO 90° PVC-U JS BOLSA/ROSCA LATAO PN750KPA NBR 5648 DE 32 POL 3/4”;02;;;pç;
042A_p1_t0;042A-SAA-0017-7471-PBHI-DE-0001ETAVILACSIFAOFILTROSMOD2-R0.pdf;1;1;(x8);01;315446;VALVULA BORBOLETA BIEXCENTRICA FD CASTELO QUADRADO VEDACAO EPDM HASTE DISCO INOX 316 BLOQUEIO WAFER (FACES 85,7MM) NBR 7675 PN10 DN300 * VÁLVULA E RESPECTIVO ATUADOR LISTADOS E ORÇADOS NO PBME. VER ARQUIVO LISTA_VALVULAS_ETA_VILA_C_RO, DO PBME.;01;;;pç;fonte CAD (romans) | titulos RELACAO DE MATERIAIS / SIFAO TUB. DE LAVAGEM DOS FILTROS E SAIDA DE AGUA FILTRADA | secao (x8) = linha mesclada multiplicador | coluna de codigo sem cabecalho proprio (DISCRIMINACAO cobre codigo+descricao) | nota * em fonte menor dentro da celula incluida na descricao | underscores no nome do arquivo | RO ou R0 ambiguo (glifos iguais), transcrito RO | nada riscado
042A_p1_t0;042A-SAA-0017-7471-PBHI-DE-0001ETAVILACSIFAOFILTROSMOD2-R0.pdf;1;2;(x8);02;315248;VALVULA BORBOLETA BIEXCENTRICA FD MECANISMO REDUCAO E VOLANTE VEDACAO EPDM HASTE DISCO INOX 316 BLOQUEIO WAFER (FACES 85,7MM) NBR 7675 PN10 DN300 * VÁLVULA LISTADA E ORÇADA NO PBME. VER ARQUIVO LISTA_VALVULAS_ETA_VILA_C_RO, DO PBME.;01;;;pç;nota * na celula
042A_p1_t0;042A-SAA-0017-7471-PBHI-DE-0001ETAVILACSIFAOFILTROSMOD2-R0.pdf;1;3;(x8);03;13609;TE FD FFF PN10 DN300;01;;;pç;
042A_p1_t0;042A-SAA-0017-7471-PBHI-DE-0001ETAVILACSIFAOFILTROSMOD2-R0.pdf;1;4;(x8);04;10251;REDUCAO FD FF EXCENTRICA PN10 DN300 DN250;01;;;pç;
042A_p1_t0;042A-SAA-0017-7471-PBHI-DE-0001ETAVILACSIFAOFILTROSMOD2-R0.pdf;1;5;(x8);05;135860;TOCO DE TUBO FD FF PN10 MEDINDO 0,50M DN300;02;;;pç;
042A_p1_t0;042A-SAA-0017-7471-PBHI-DE-0001ETAVILACSIFAOFILTROSMOD2-R0.pdf;1;6;(x8);06;250147;JUNTA DE DESMONTAGEM TRAVADA FD PN10 DN250;01;;;pç;
042A_p1_t0;042A-SAA-0017-7471-PBHI-DE-0001ETAVILACSIFAOFILTROSMOD2-R0.pdf;1;7;(x8);07;302832;TOCO DE TUBO FD FF PN10 MEDINDO 0,25M DN250;01;;;pç;
042A_p1_t0;042A-SAA-0017-7471-PBHI-DE-0001ETAVILACSIFAOFILTROSMOD2-R0.pdf;1;8;(x8);08;315445;VALVULA BORBOLETA BIEXCENTRICA FD CASTELO QUADRADO VEDACAO EPDM HASTE DISCO INOX 316 BLOQUEIO WAFER (FACES 79,7MM) NBR 7675 PN10 DN250 * VÁLVULA E RESPECTIVO ATUADOR LISTADOS E ORÇADOS NO PBME. VER ARQUIVO LISTA_VALVULAS_ETA_VILA_C_RO, DO PBME.;01;;;pç;nota * na celula
042A_p1_t0;042A-SAA-0017-7471-PBHI-DE-0001ETAVILACSIFAOFILTROSMOD2-R0.pdf;1;9;(x8);09;4952;CURVA FD FF 90 PN10 DN250;02;;;pç;codigo de 4 digitos
042A_p1_t0;042A-SAA-0017-7471-PBHI-DE-0001ETAVILACSIFAOFILTROSMOD2-R0.pdf;1;10;(x8);10;314465 / 308608;TUBO ESPECIAL ACO CARBONO ASTM A1018SS GR40 EPOXI VERDE 406 INT 1000 EXT UM ESP6,35MM AWWA C200-210 NBR7675 PP PN10 MEDIDA DE 1,0 A 1,5M DE 274 DN250 / FLANGE ESPECIAL ACO CARBONO ASTM A1018 SS GR 40 EPOXI VERDE 1000 UM ESP 17,4MM AWWA C200 C210 NBR 7560 PN10 DE274 DN250;01 / 02;;;pç / pç;"dois subitens empilhados na mesma linha de item (2 codigos, 2 descricoes, 2 qtds) unidos por "" / "" | qtd 02 do flange alinhada com a ultima linha do texto, nao com o codigo"
042A_p1_t0;042A-SAA-0017-7471-PBHI-DE-0001ETAVILACSIFAOFILTROSMOD2-R0.pdf;1;11;(x8);11;760;COLAR TOMADA FD DN250 POL 3/4”;02;;;pç;codigo de 3 digitos
042A_p1_t0;042A-SAA-0017-7471-PBHI-DE-0001ETAVILACSIFAOFILTROSMOD2-R0.pdf;1;12;(x8);12;314486 / 308609;TUBO ESPECIAL ACO CARBONO ASTM A1018SS GR40 EPOXI VERDE 406 INT 1000 EXT UM ESP6,35MM AWWA C200-210 NBR7560 PP PN10 MEDIDA DE 0,15 A 0,5M DE 326 DN300 / FLANGE ESPECIAL ACO CARBONO ASTM A1018 SS GR 40 EPOXI VERDE 1000 UM ESP 17,4MM AWWA C200 C210 NBR 7560 PN10 DE326 DN300;01 / 01;;;pç / pç;dois subitens empilhados | tubo aqui diz NBR7560 (nos itens 10/14/17 diz NBR7675)
042A_p1_t0;042A-SAA-0017-7471-PBHI-DE-0001ETAVILACSIFAOFILTROSMOD2-R0.pdf;1;13;(x8);13;314343;CINTA DE VEDACAO COM GRIP ACO INOX 304 ANEL VEDACAO EPDM ISO 19921 PN16 PARA TUBO FD DE 326 DN300;01;;;pç;
042A_p1_t0;042A-SAA-0017-7471-PBHI-DE-0001ETAVILACSIFAOFILTROSMOD2-R0.pdf;1;14;(x8);14;314486;TUBO ESPECIAL ACO CARBONO ASTM A1018SS GR40 EPOXI VERDE 406 INT 1000 EXT UM ESP6,35MM AWWA C200-210 NBR7675 PP PN10 MEDIDA DE 0,15 A 0,5M DE 326 DN300;01;;;pç;
042A_p1_t0;042A-SAA-0017-7471-PBHI-DE-0001ETAVILACSIFAOFILTROSMOD2-R0.pdf;1;15;(x8);15;43508;TORNEIRA EM LIGA DE COBRE POL 3/4”;02;;;pç;
042A_p1_t0;042A-SAA-0017-7471-PBHI-DE-0001ETAVILACSIFAOFILTROSMOD2-R0.pdf;1;16;(x8);16;320052;ABRACADEIRA ANCORAGEM TIPO U ACO CARBONO TUBO DEFOFO EM BERCO ALT 147MM LARG CHAPA 60MM ESP 5MM FURO POL 7/8 DIST FUROS 378MM DN250;02;;;pç;
042A_p1_t0;042A-SAA-0017-7471-PBHI-DE-0001ETAVILACSIFAOFILTROSMOD2-R0.pdf;1;17;(x8);17;314465 / 308608;TUBO ESPECIAL ACO CARBONO ASTM A1018SS GR40 EPOXI VERDE 406 INT 1000 EXT UM ESP6,35MM AWWA C200-210 NBR7675 PP PN10 MEDIDA DE 1,0 A 1,5M DE 274 DN250 / FLANGE ESPECIAL ACO CARBONO ASTM A1018 SS GR 40 EPOXI VERDE 1000 UM ESP 17,4MM AWWA C200 C210 NBR 7560 PN10 DE274 DN250;01 / 01;;;pç / pç;dois subitens empilhados | 2a qtd alinhada com a ultima linha
048_p1_t0;048-SAA-0017-7471-PBHI-DE-0001ETAVILACPRODQUIMICOSFLUOR-R2.pdf;1;1;PAC-FLUOR;*01;-;ADAPTADOR PARA MANGUEIRAS FLEXÍVEIS Ø8mmxØ12mm;19;;;pç;"títulos: RELAÇÃO DE MATERIAIS / ETA VILA C - PRODUTOS QUÍMICOS - símbolo Ø (diâmetro) - código ""-"" - asterisco remete à nota ""* ESPECIFICAÇÃO TECNICA"" - UN impressa ""PÇ"""
048_p1_t0;048-SAA-0017-7471-PBHI-DE-0001ETAVILACPRODQUIMICOSFLUOR-R2.pdf;1;2;PAC-FLUOR;*02;-;MANGUEIRA FLEXÍVEL Ø8mmxØ12mm;06;;;pç;"símbolo Ø - código ""-"""
048_p1_t0;048-SAA-0017-7471-PBHI-DE-0001ETAVILACPRODQUIMICOSFLUOR-R2.pdf;1;3;PAC-FLUOR;03;310142;BOMBA DOSADORA DIAFRAGMA PASSO OU PERISTALTICA OU DIAFRGMA ELETROM EXCETO HIDROX CALCIO CARVAO COM AUTOMACAO 4 A 20MA E DISPLAY TIPO 2A 30L/H 3BAR;05;;;pç;"descrição em 2 linhas - ""DIAFRGMA"" grafia original"
048_p1_t0;048-SAA-0017-7471-PBHI-DE-0001ETAVILACPRODQUIMICOSFLUOR-R2.pdf;1;4;PAC-FLUOR;04;300607;VALVULA ESFERA 3 VIAS DUPLA UNIAO HORIZONTAL TIPO T EM CPVC JS PN16 COM ACIONAMENTO MANUAL SCHEDULE 80 EN ISO 16135 NSF/ANSI STD 14&61 FDA 21 DE 32;04;;;pç;descrição em 2 linhas
048_p1_t0;048-SAA-0017-7471-PBHI-DE-0001ETAVILACPRODQUIMICOSFLUOR-R2.pdf;1;5;PAC-FLUOR;05;300491;CURVA CPVC JS BB 90 PN10 SCHEDULE 80 ASTM F439 NSF/ANSI STD 14&61 FDA 21 DE 32;32;;;pç;
048_p1_t0;048-SAA-0017-7471-PBHI-DE-0001ETAVILACPRODQUIMICOSFLUOR-R2.pdf;1;6;PAC-FLUOR;06;300386;TUBO CPVC SCH80 SOLDAVEL PN10 P/ TUBULACAO DE32MM ASTM F441 NSF/ANSI STD 14&61 FDA 21 DE 32;02;;;barras;"descrição em 2 linhas (quebra entre ""FDA"" e ""21"") - UN impressa ""BR"" (abreviação de barras)"
048_p1_t0;048-SAA-0017-7471-PBHI-DE-0001ETAVILACPRODQUIMICOSFLUOR-R2.pdf;1;7;PAC-FLUOR;07;309088;VALVULA DE CONTROLE DE PRESSAO DUPLA UNIAO CPVC SCH80 ASTM F441/439 DIAFRAGMA PTFE VEDACAO EPDM PN10 0,5 A 9BAR SAIDA PARA MANOMETRO OPCIONAL DE 32;04;;;pç;descrição em 2 linhas
048_p1_t0;048-SAA-0017-7471-PBHI-DE-0001ETAVILACPRODQUIMICOSFLUOR-R2.pdf;1;8;PAC-FLUOR;08;300456;CAP CPVC JS SCHEDULE 80 PN 10 ASTM F439 NSF/ANSI STD 14&61 FDA 21 DE 32;03;;;pç;
048_p1_t0;048-SAA-0017-7471-PBHI-DE-0001ETAVILACPRODQUIMICOSFLUOR-R2.pdf;1;9;PAC-FLUOR;09;300498;CURVA CPVC JS BB 45 PN10 SCHEDULE 80 ASTM F439 NSF/ANSI STD 14&61 FDA 21 DE 32;08;;;pç;
048_p1_t0;048-SAA-0017-7471-PBHI-DE-0001ETAVILACPRODQUIMICOSFLUOR-R2.pdf;1;10;ÁGUA P/ LAVAGEM DOS TUBOS/BOMBAS DOSADORAS;30;300386;TUBO CPVC SCH80 SOLDAVEL PN10 P/ TUBULACAO DE32MM ASTM F441 NSF/ANSI STD 14&61 FDA 21 DE 32;12,15;;;m;descrição em 2 linhas
048_p1_t0;048-SAA-0017-7471-PBHI-DE-0001ETAVILACPRODQUIMICOSFLUOR-R2.pdf;1;11;ÁGUA P/ LAVAGEM DOS TUBOS/BOMBAS DOSADORAS;31;300536;TE CPVC JS BBB PN10 SCHEDULE 80 ASTM F439 NSF/ANSI STD 14&61 FDA 21 DE 32;08;;;pç;
048_p1_t0;048-SAA-0017-7471-PBHI-DE-0001ETAVILACPRODQUIMICOSFLUOR-R2.pdf;1;12;ÁGUA P/ LAVAGEM DOS TUBOS/BOMBAS DOSADORAS;32;300491;CURVA CPVC JS BB 90 PN10 SCHEDULE 80 ASTM F439 NSF/ANSI STD 14&61 FDA 21 DE 32;08;;;pç;
048_p1_t0;048-SAA-0017-7471-PBHI-DE-0001ETAVILACPRODQUIMICOSFLUOR-R2.pdf;1;13;ÁGUA P/ LAVAGEM DOS TUBOS/BOMBAS DOSADORAS;33;300628;VALVULA RETENCAO DUPLA UNIAO EM CPVC JS PN16 FECHAMENTO MINIMO COM 1 MCA SCHEDULE 80 EN ISO 16137 NSF/ANSI STD 14&61 FDA 21 DE 32;01;;;pç;descrição em 2 linhas
048_p1_t0;048-SAA-0017-7471-PBHI-DE-0001ETAVILACPRODQUIMICOSFLUOR-R2.pdf;1;14;ÁGUA P/ LAVAGEM DOS TUBOS/BOMBAS DOSADORAS;34;300574;VALVULA DIAFRAGMA DUPLA UNIAO EM CPVC JS PN16 COM ACIONAMENTO POR VOLANTE SCHEDULE 80 EN ISO 16138 NSF/ANSI STD 14&61 FDA 21 DE 32;04;;;pç;descrição em 2 linhas
048_p1_t0;048-SAA-0017-7471-PBHI-DE-0001ETAVILACPRODQUIMICOSFLUOR-R2.pdf;1;15;ÁGUA P/ LAVAGEM DOS TUBOS/BOMBAS DOSADORAS;35;-;PORTA DE DUAS FOLHAS EM ALUMÍNIO ANODIZADO COM VENEZIANAS - DIMENSÕES: 175(A) x 160(L)cm;01;;;cj;"descrição em 2 linhas - código impresso ""-"""
048_p1_t0;048-SAA-0017-7471-PBHI-DE-0001ETAVILACPRODQUIMICOSFLUOR-R2.pdf;1;16;APLICAÇÃO DE PRODUTOS QUÍMICOS;40;300491;CURVA CPVC JS BB 90 PN10 SCHEDULE 80 ASTM F439 NSF/ANSI STD 14&61 FDA 21 DE 32;57;;;pç;
048_p1_t0;048-SAA-0017-7471-PBHI-DE-0001ETAVILACPRODQUIMICOSFLUOR-R2.pdf;1;17;APLICAÇÃO DE PRODUTOS QUÍMICOS;41;300498;CURVA CPVC JS BB 45 PN10 SCHEDULE 80 ASTM F439 NSF/ANSI STD 14&61 FDA 21 DE 32;04;;;pç;
048_p1_t0;048-SAA-0017-7471-PBHI-DE-0001ETAVILACPRODQUIMICOSFLUOR-R2.pdf;1;18;APLICAÇÃO DE PRODUTOS QUÍMICOS;42;300386;TUBO CPVC SCH80 SOLDAVEL PN10 P/ TUBULACAO DE32MM ASTM F441 NSF/ANSI STD 14&61 FDA 21 DE 32;450;;;m;descrição em 2 linhas
048_p1_t0;048-SAA-0017-7471-PBHI-DE-0001ETAVILACPRODQUIMICOSFLUOR-R2.pdf;1;19;APLICAÇÃO DE PRODUTOS QUÍMICOS;43;300456;CAP CPVC JS SCHEDULE 80 PN 10 ASTM F439 NSF/ANSI STD 14&61 FDA 21 DE 32;04;;;pç;
048_p1_t0;048-SAA-0017-7471-PBHI-DE-0001ETAVILACPRODQUIMICOSFLUOR-R2.pdf;1;20;INTENS GERAIS;S/N;302026;PECA ESPECIAL EM ACO INOX AISI 316 FABRICADA CONFORME DESENHO (PROTETOR DOS TUBOS DE COLETA DE AMOSTRA - DET 02);6 / 36,92;;;cj / kg;"descrição em 2 linhas - quantidade e UN empilhadas (6 CJ sobre 36,92 Kg) - ""6"" sem zero à esquerda - seção ""INTENS GERAIS"" grafia original"
048_p1_t0;048-SAA-0017-7471-PBHI-DE-0001ETAVILACPRODQUIMICOSFLUOR-R2.pdf;1;21;INTENS GERAIS;S/N;302026;PECA ESPECIAL EM ACO INOX AISI 316 FABRICADA CONFORME DESENHO (FIXAÇÃO DAS TUBULAÇÕES DE COLETA - DET 03);580 / 150,80;;;cj / kg;descrição em 2 linhas - quantidade e UN empilhadas (580 CJ sobre 150,80 Kg)
049_p1_t0;049-SAA-0017-7471-PBHI-DE-0001ETAVILACPRODQUIMICOSPAC-R2.pdf;1;1;PAC-COAGULANTE;*01;-;ADAPTADOR PARA MANGUEIRAS FLEXÍVEIS Ø8mmxØ12mm;17;;;pç;secao PAC-COAGULANTE abaixo do título ETA VILA C - PRODUTOS QUÍMICOS
049_p1_t0;049-SAA-0017-7471-PBHI-DE-0001ETAVILACPRODQUIMICOSPAC-R2.pdf;1;2;PAC-COAGULANTE;*02;-;MANGUEIRA FLEXÍVEL Ø8mmxØ12mm;09;;;pç;
049_p1_t0;049-SAA-0017-7471-PBHI-DE-0001ETAVILACPRODQUIMICOSPAC-R2.pdf;1;3;PAC-COAGULANTE;03;310089;BOMBA DOSADORA DIAFRAGMA PASSO OU PERISTALTICA PROD QUIM EXCETO HIDROX.CALCIO CARVAO SEM AUTOMACAO E DISPLAY ACIONAMENTO MANUAL TIPO A 60L/H 4BAR;01;;;pç;
049_p1_t0;049-SAA-0017-7471-PBHI-DE-0001ETAVILACPRODQUIMICOSPAC-R2.pdf;1;4;PAC-COAGULANTE;04;300607;VALVULA ESFERA 3 VIAS DUPLA UNIAO HORIZONTAL TIPO T EM CPVC JS PN16 COM ACIONAMENTO MANUAL SCHEDULE 80 EN ISO 16135 NSF/ANSI STD 14&61 FDA 21 DE 32;03;;;pç;
049_p1_t0;049-SAA-0017-7471-PBHI-DE-0001ETAVILACPRODQUIMICOSPAC-R2.pdf;1;5;PAC-COAGULANTE;05;300491;CURVA CPVC JS BB 90 PN10 SCHEDULE 80 ASTM F439 NSF/ANSI STD 14&61 FDA 21 DE 32;09;;;pç;
049_p1_t0;049-SAA-0017-7471-PBHI-DE-0001ETAVILACPRODQUIMICOSPAC-R2.pdf;1;6;PAC-COAGULANTE;06;300386;TUBO CPVC SCH80 SOLDAVEL PN10 P/ TUBULACAO DE32MM ASTM F441 NSF/ANSI STD 14&61 FDA 21 DE 32;1,50;;;m;
049_p1_t0;049-SAA-0017-7471-PBHI-DE-0001ETAVILACPRODQUIMICOSPAC-R2.pdf;1;7;PAC-COAGULANTE;07;309088;VALVULA DE CONTROLE DE PRESSAO DUPLA UNIAO CPVC SCH80 ASTM F441/439 DIAFRAGMA PTFE VEDACAO EPDM PN10 0,5 A 9BAR SAIDA PARA MANOMETRO OPCIONAL DE 32;03;;;pç;kerning do PDF abre espaço dentro de DIAFRAGMA (lido como palavra única)
049_p1_t0;049-SAA-0017-7471-PBHI-DE-0001ETAVILACPRODQUIMICOSPAC-R2.pdf;1;8;PAC-COAGULANTE;08;300456;CAP CPVC JS SCHEDULE 80 PN 10 ASTM F439 NSF/ANSI STD 14&61 FDA 21 DE 32;01;;;pç;
049_p1_t0;049-SAA-0017-7471-PBHI-DE-0001ETAVILACPRODQUIMICOSPAC-R2.pdf;1;9;PAC-COAGULANTE;09;310147;BOMBA DOSADORA DIAFRAGMA PASSO OU PERISTALTICA PROD QUIM EXCETO HIDROX CALCIO CARVAO COM AUTOMACAO 4 A 20MA E DISPLAY TIPO 2B 120L/H 4BAR;03;;;pç;kerning do PDF abre espaço dentro de DIAFRAGMA (lido como palavra única)
049_p1_t0;049-SAA-0017-7471-PBHI-DE-0001ETAVILACPRODQUIMICOSPAC-R2.pdf;1;10;ÁGUA P/ LAVAGEM DOS TUBOS/BOMBAS DOSADORAS;30;300386;TUBO CPVC SCH80 SOLDAVEL PN10 P/ TUBULACAO DE32MM ASTM F441 NSF/ANSI STD 14&61 FDA 21 DE 32;18,35;;;m;
049_p1_t0;049-SAA-0017-7471-PBHI-DE-0001ETAVILACPRODQUIMICOSPAC-R2.pdf;1;11;ÁGUA P/ LAVAGEM DOS TUBOS/BOMBAS DOSADORAS;31;300536;TE CPVC JS BBB PN10 SCHEDULE 80 ASTM F439 NSF/ANSI STD 14&61 FDA 21 DE 32;08;;;pç;
049_p1_t0;049-SAA-0017-7471-PBHI-DE-0001ETAVILACPRODQUIMICOSPAC-R2.pdf;1;12;ÁGUA P/ LAVAGEM DOS TUBOS/BOMBAS DOSADORAS;32;300491;CURVA CPVC JS BB 90 PN10 SCHEDULE 80 ASTM F439 NSF/ANSI STD 14&61 FDA 21 DE 32;11;;;pç;
049_p1_t0;049-SAA-0017-7471-PBHI-DE-0001ETAVILACPRODQUIMICOSPAC-R2.pdf;1;13;ÁGUA P/ LAVAGEM DOS TUBOS/BOMBAS DOSADORAS;33;300628;VALVULA RETENCAO DUPLA UNIAO EM CPVC JS PN16 FECHAMENTO MINIMO COM 1 MCA SCHEDULE 80 EN ISO 16137 NSF/ANSI STD 14&61 FDA 21 DE 32;01;;;pç;
049_p1_t0;049-SAA-0017-7471-PBHI-DE-0001ETAVILACPRODQUIMICOSPAC-R2.pdf;1;14;ÁGUA P/ LAVAGEM DOS TUBOS/BOMBAS DOSADORAS;34;300574;VALVULA DIAFRAGMA DUPLA UNIAO EM CPVC JS PN16 COM ACIONAMENTO POR VOLANTE SCHEDULE 80 EN ISO 16138 NSF/ANSI STD 14&61 FDA 21 DE 32;04;;;pç;kerning do PDF abre espaço dentro de DIAFRAGMA (lido como palavra única)
049_p1_t0;049-SAA-0017-7471-PBHI-DE-0001ETAVILACPRODQUIMICOSPAC-R2.pdf;1;15;ÁGUA P/ LAVAGEM DOS TUBOS/BOMBAS DOSADORAS;35;-;PORTA DE DUAS FOLHAS EM ALUMÍNIO ANODIZADO COM VENEZIANAS - DIMENSÕES: 175(A) x 160(L)cm;01;;;cj;"código ""-"" muito claro/fino"
049_p1_t0;049-SAA-0017-7471-PBHI-DE-0001ETAVILACPRODQUIMICOSPAC-R2.pdf;1;16;APLICAÇÃO DE PRODUTOS QUÍMICOS;40;300491;CURVA CPVC JS BB 90 PN10 SCHEDULE 80 ASTM F439 NSF/ANSI STD 14&61 FDA 21 DE 32;45;;;pç;
049_p1_t0;049-SAA-0017-7471-PBHI-DE-0001ETAVILACPRODQUIMICOSPAC-R2.pdf;1;17;APLICAÇÃO DE PRODUTOS QUÍMICOS;41;300498;CURVA CPVC JS BB 45 PN10 SCHEDULE 80 ASTM F439 NSF/ANSI STD 14&61 FDA 21 DE 32;04;;;pç;
049_p1_t0;049-SAA-0017-7471-PBHI-DE-0001ETAVILACPRODQUIMICOSPAC-R2.pdf;1;18;APLICAÇÃO DE PRODUTOS QUÍMICOS;42;300386;TUBO CPVC SCH80 SOLDAVEL PN10 P/ TUBULACAO DE32MM ASTM F441 NSF/ANSI STD 14&61 FDA 21 DE 32;371;;;m;
049_p1_t0;049-SAA-0017-7471-PBHI-DE-0001ETAVILACPRODQUIMICOSPAC-R2.pdf;1;19;APLICAÇÃO DE PRODUTOS QUÍMICOS;43;300456;CAP CPVC JS SCHEDULE 80 PN 10 ASTM F439 NSF/ANSI STD 14&61 FDA 21 DE 32;01;;;pç;
049_p1_t0;049-SAA-0017-7471-PBHI-DE-0001ETAVILACPRODQUIMICOSPAC-R2.pdf;1;20;INTENS GERAIS;S/N;302026;PECA ESPECIAL EM ACO INOX AISI 316 FABRICADA CONFORME DESENHO (PROTETOR DOS TUBOS DE COLETA DE AMOSTRA - DET 03);01 / 5,26;;;cj / kg;"quantidade e unidade empilhadas (CJ sobre Kg) na mesma célula; seção impressa INTENS (sic)"
049_p1_t0;049-SAA-0017-7471-PBHI-DE-0001ETAVILACPRODQUIMICOSPAC-R2.pdf;1;21;INTENS GERAIS;S/N;302026;PECA ESPECIAL EM ACO INOX AISI 316 FABRICADA CONFORME DESENHO (FIXAÇÃO DAS TUBULAÇÕES DE COLETA - DET 04);435 / 113,10;;;cj / kg;"quantidade e unidade empilhadas (CJ sobre Kg) na mesma célula; sem riscado (verificado em zoom)"
049_p1_t0;049-SAA-0017-7471-PBHI-DE-0001ETAVILACPRODQUIMICOSPAC-R2.pdf;1;22;INTENS GERAIS;S/N;302026;PEÇA ESPECIAL EM AÇO INOX AISI 316 FABRICADA CONFORME DESENHO;12 / 0,0912;;;cj / kg;quantidade e unidade empilhadas (CJ sobre Kg) na mesma célula
049_p1_t0;049-SAA-0017-7471-PBHI-DE-0001ETAVILACPRODQUIMICOSPAC-R2.pdf;1;23;INTENS GERAIS;S/N;304517;CHUMBADOR QUIMICO RESISTENCIA 18,4 MPA 14 DIAS ACO INOX 304;12 / 0,600;;;cj / kg;quantidade e unidade empilhadas (CJ sobre Kg) na mesma célula
050_p1_t0;050-SAA-0017-7471-PBHI-DE-0001ETAVILACPRODQUIMICOSCLORO-R2.pdf;1;1;APLICAÇÃO DE PRODUTOS QUÍMICOS;40;300491;CURVA CPVC JS BB 90 PN10 SCHEDULE 80 ASTM F439 NSF/ANSI STD 14&61 FDA 21 DE 32;54;;;pç;"unidade impressa PÇ (maiúscula); títulos acima: RELAÇÃO DE MATERIAIS / ETA VILA C / PRODUTOS QUÍMICOS; seção = faixa APLICAÇÃO DE PRODUTOS QUÍMICOS; fonte com espaçamento irregular entre letras"
050_p1_t0;050-SAA-0017-7471-PBHI-DE-0001ETAVILACPRODQUIMICOSCLORO-R2.pdf;1;2;APLICAÇÃO DE PRODUTOS QUÍMICOS;41;300498;CURVA CPVC JS BB 45 PN10 SCHEDULE 80 ASTM F439 NSF/ANSI STD 14&61 FDA 21 DE 32;04;;;pç;
050_p1_t0;050-SAA-0017-7471-PBHI-DE-0001ETAVILACPRODQUIMICOSCLORO-R2.pdf;1;3;APLICAÇÃO DE PRODUTOS QUÍMICOS;42;300386;TUBO CPVC SCH80 SOLDAVEL PN10 P/ TUBULACAO DE32 MM ASTM F441 NSF/ANSI STD 14&61 FDA 21 DE 32;274;;;m;descrição em 2 linhas
050_p1_t0;050-SAA-0017-7471-PBHI-DE-0001ETAVILACPRODQUIMICOSCLORO-R2.pdf;1;4;APLICAÇÃO DE PRODUTOS QUÍMICOS;43;300456;CAP CPVC JS SCHEDULE 80 PN 10 ASTM F439 NSF/ANSI STD 14&61 FDA 21 DE 32;04;;;pç;"""PN 10"" com espaço neste item"
050_p1_t0;050-SAA-0017-7471-PBHI-DE-0001ETAVILACPRODQUIMICOSCLORO-R2.pdf;1;5;APLICAÇÃO DE PRODUTOS QUÍMICOS;44;300536;TE CPVC JS BBB PN10 SCHEDULE 80 ASTM F439 NSF/ANSI STD 14&61 FDA 21 DE 32;01;;;pç;
050_p1_t0;050-SAA-0017-7471-PBHI-DE-0001ETAVILACPRODQUIMICOSCLORO-R2.pdf;1;6;APLICAÇÃO DE CLORO;50;300386;TUBO CPVC SCH80 SOLDAVEL PN10 P/ TUBULACAO DE32 MM ASTM F441 NSF/ANSI STD 14&61 FDA 21 DE 32;11,2;;;m;"descrição em 2 linhas; triângulo verde (marca de comentário do Excel) no canto da célula de quantidade"
050_p1_t0;050-SAA-0017-7471-PBHI-DE-0001ETAVILACPRODQUIMICOSCLORO-R2.pdf;1;7;APLICAÇÃO DE CLORO;51;300491;CURVA CPVC JS BB 90 PN10 SCHEDULE 80 ASTM F439 NSF/ANSI STD 14&61 FDA 21 DE 32;23;;;pç;
050_p1_t0;050-SAA-0017-7471-PBHI-DE-0001ETAVILACPRODQUIMICOSCLORO-R2.pdf;1;8;APLICAÇÃO DE CLORO;52;300536;TE CPVC JS BBB PN10 SCHEDULE 80 ASTM F439 NSF/ANSI STD 14&61 FDA 21 DE 32;03;;;pç;
050_p1_t0;050-SAA-0017-7471-PBHI-DE-0001ETAVILACPRODQUIMICOSCLORO-R2.pdf;1;9;APLICAÇÃO DE CLORO;53;300583;VALVULA ESFERA DUPLA UNIAO EM CPVC JS PN16 COM ACIONAMENTO MANUAL COM OPCAO PARA AUTOMACAO SCHEDULE 80 EN ISO 16135 NSF/ANSI STD 14&61 FDA 21 DE 32;02;;;pç;"descrição em 2 linhas; UNIAO sem til"
050_p1_t0;050-SAA-0017-7471-PBHI-DE-0001ETAVILACPRODQUIMICOSCLORO-R2.pdf;1;10;APLICAÇÃO DE CLORO;54;300498;CURVA CPVC JS BB 45 PN10 SCHEDULE 80 ASTM F439 NSF/ANSI STD 14&61 FDA 21 DE 32;02;;;pç;
050_p1_t0;050-SAA-0017-7471-PBHI-DE-0001ETAVILACPRODQUIMICOSCLORO-R2.pdf;1;11;APLICAÇÃO DE CLORO;*55;VER ESPECI.;ADAPTADOR CPVC PARA CLORADOR DE 32;02;;;pç;"código impresso como texto ""VER ESPECI."" (remete à nota * ESPECIFICAÇÃO TECNICA)"
050_p1_t0;050-SAA-0017-7471-PBHI-DE-0001ETAVILACPRODQUIMICOSCLORO-R2.pdf;1;12;APLICAÇÃO DE CLORO;*56;VER ESPECI.;APLICADOR DE CLORO;01;;;pç;"código impresso como texto ""VER ESPECI."""
050_p1_t0;050-SAA-0017-7471-PBHI-DE-0001ETAVILACPRODQUIMICOSCLORO-R2.pdf;1;13;ITENS GERAIS;S/N;302026;PECA ESPECIAL EM ACO INOX AISI 316 FABRICADA CONFORME DESENHO (PROTETOR DOS TUBOS DE COLETA DE AMOSTRA - DET 04);08 / 42,08;;;cj / kg;quantidade e unidade empilhadas (08 CJ sobre 42,08 Kg) sem linha divisória
050_p1_t0;050-SAA-0017-7471-PBHI-DE-0001ETAVILACPRODQUIMICOSCLORO-R2.pdf;1;14;ITENS GERAIS;S/N;302026;PECA ESPECIAL EM ACO INOX AISI 316 FABRICADA CONFORME DESENHO (FIXAÇÃO DAS TUBULAÇÕES DE COLETA - DET 05);290 / 75,4;;;cj / kg;"quantidade e unidade empilhadas (290 CJ sobre 75,4 Kg); nota de rodapé ""* ESPECIFICAÇÃO TECNICA"" não é item"
051_p1_t0;051-SAA-0017-7471-PBHI-DE-0001ETAVILACPRODQUIMICOSPOLIMERO-R2.pdf;1;1;PORDUTOS QUÍMICOS;40;300491;CURVA CPVC JS BB 90 PN10 SCHEDULE 80 ASTM F439 NSF/ANSI STD 14&61 FDA 21 DE 32;136;;;pç;"títulos: RELAÇÃO DE MATERIAIS / ETA VILLA ""C"" - APLICAÇÃO DE PRODUTOS QUÍMICOS - seção impressa com erro de grafia ""PORDUTOS"" - UN impressa ""PÇ"" maiúsculo"
051_p1_t0;051-SAA-0017-7471-PBHI-DE-0001ETAVILACPRODQUIMICOSPOLIMERO-R2.pdf;1;2;PORDUTOS QUÍMICOS;41;300498;CURVA CPVC JS BB 45 PN10 SCHEDULE 80 ASTM F439 NSF/ANSI STD 14&61 FDA 21 DE 32;02;;;pç;
051_p1_t0;051-SAA-0017-7471-PBHI-DE-0001ETAVILACPRODQUIMICOSPOLIMERO-R2.pdf;1;3;PORDUTOS QUÍMICOS;42;300386;TUBO CPVC SCH80 SOLDAVEL PN10 P/ TUBULACAO DE32MM ASTM F441 NSF/ANSI STD 14&61 FDA 21 DE 32;6354;;;m;descrição em 2 linhas
051_p1_t0;051-SAA-0017-7471-PBHI-DE-0001ETAVILACPRODQUIMICOSPOLIMERO-R2.pdf;1;4;PORDUTOS QUÍMICOS;43;300456;CAP CPVC JS SCHEDULE 80 PN 10 ASTM F439 NSF/ANSI STD 14&61 FDA 21 DE 32;04;;;pç;
051_p1_t0;051-SAA-0017-7471-PBHI-DE-0001ETAVILACPRODQUIMICOSPOLIMERO-R2.pdf;1;5;PORDUTOS QUÍMICOS;44;312435;TE CPVC JS BBB PN10 SCHEDULE 80 ASTM F439 NSF/ANSI STD 14&61 FDA 21 DE 32;01;;;pç;"UN impressa ""pç"" minúsculo"
051_p1_t0;051-SAA-0017-7471-PBHI-DE-0001ETAVILACPRODQUIMICOSPOLIMERO-R2.pdf;1;6;PONTOS DE COLETA;11;300386;TUBO CPVC SCH80 SOLDAVEL PN10 P/ TUBULACAO DE32MM ASTM F441 NSF/ANSI STD 14&61 FDA 21 DE 32;04;;;barras;"descrição em 2 linhas - UN impressa ""BARRAS"" (fora da lista normalizada, mantida em minúsculas)"
051_p1_t0;051-SAA-0017-7471-PBHI-DE-0001ETAVILACPRODQUIMICOSPOLIMERO-R2.pdf;1;7;PONTOS DE COLETA;12;301260;JOELHO PVC JS 90 SCH80 PN10 DE32MM ASTM D2467 NSF/ANSI STD 14&61 FDA 21;02;;;pç;
051_p1_t0;051-SAA-0017-7471-PBHI-DE-0001ETAVILACPRODQUIMICOSPOLIMERO-R2.pdf;1;8;PONTOS DE COLETA;13;309050;ADAPTADOR CPVC JS BOLSA/ROSCA MACHO BSP SCH80 PN 10 ASTM F439 NSF/ANSI STD 14&61 FDA 21 DE 32 POL 1”;02;;;pç;descrição em 2 linhas - aspas tipográficas ” impressas
051_p1_t0;051-SAA-0017-7471-PBHI-DE-0001ETAVILACPRODQUIMICOSPOLIMERO-R2.pdf;1;9;PONTOS DE COLETA;14;300551;UNIAO CPVC JS PN10 SCHEDULE 80 ASTM F439 NSF/ANSI STD 14&61 FDA 21 DE 32;02;;;pç;
051_p1_t0;051-SAA-0017-7471-PBHI-DE-0001ETAVILACPRODQUIMICOSPOLIMERO-R2.pdf;1;10;PONTOS DE COLETA;*15;-;"COLAR DE TOMADA FD DN150 x DN1""";02;;;pç;"código impresso ""-"" - asterisco remete à nota ""* VER ESPECIFICAÇÃO TÉCNICA"""
051_p1_t0;051-SAA-0017-7471-PBHI-DE-0001ETAVILACPRODQUIMICOSPOLIMERO-R2.pdf;1;11;INTENS GERAIS;S/N;302026;PECA ESPECIAL EM ACO INOX AISI 316 FABRICADA CONFORME DESENHO (PROTETOR DOS TUBOS DE COLETA DE AMOSTRA - DET 03);10 / 57,64;;;cj / kg;"descrição em 2 linhas - quantidade e UN empilhadas (10 CJ sobre 57,64 Kg) - seção impressa ""INTENS GERAIS"" (grafia original)"
051_p1_t0;051-SAA-0017-7471-PBHI-DE-0001ETAVILACPRODQUIMICOSPOLIMERO-R2.pdf;1;12;INTENS GERAIS;S/N;302026;PECA ESPECIAL EM ACO INOX AISI 316 FABRICADA CONFORME DESENHO (FIXAÇÃO DAS TUBULAÇÕES DE COLETA - DET 04);542 / 140,92;;;cj / kg;descrição em 2 linhas - quantidade e UN empilhadas (542 CJ sobre 140,92 Kg) - mesmo código da linha anterior
052_p1_t0;052-SAA-0017-7471-PBHI-DE-0001ETAVILACPRODQUIMICOSCARVAO-R1.pdf;1;1;CARVÃO ATIVADO;*01;-;ADAPTADOR PARA MANGUEIRAS FLEXÍVEIS Ø8mmxØ12mm;13;;;pç;secao CARVÃO ATIVADO abaixo do título ETA VILA C - PRODUTOS QUÍMICOS
052_p1_t0;052-SAA-0017-7471-PBHI-DE-0001ETAVILACPRODQUIMICOSCARVAO-R1.pdf;1;2;CARVÃO ATIVADO;*02;-;MANGUEIRA FLEXÍVEL Ø8mmxØ12mm;07;;;pç;
052_p1_t0;052-SAA-0017-7471-PBHI-DE-0001ETAVILACPRODQUIMICOSCARVAO-R1.pdf;1;3;CARVÃO ATIVADO;03;310089;BOMBA DOSADORA DIAFRAGMA PASSO OU PERISTALTICA PROD QUIM EXCETO HIDROX.CALCIO CARVAO SEM AUTOMACAO E DISPLAY ACIONAMENTO MANUAL TIPO A 60L/H 4BAR;01;;;pç;descrição em 2 linhas
052_p1_t0;052-SAA-0017-7471-PBHI-DE-0001ETAVILACPRODQUIMICOSCARVAO-R1.pdf;1;4;CARVÃO ATIVADO;04;300607;VALVULA ESFERA 3 VIAS DUPLA UNIAO HORIZONTAL TIPO T EM CPVC JS PN16 COM ACIONAMENTO MANUAL SCHEDULE 80 EN ISO 16135 NSF/ANSI STD 14&61 FDA 21 DE 32;03;;;pç;descrição em 2 linhas
052_p1_t0;052-SAA-0017-7471-PBHI-DE-0001ETAVILACPRODQUIMICOSCARVAO-R1.pdf;1;5;CARVÃO ATIVADO;05;300491;CURVA CPVC JS BB 90 PN10 SCHEDULE 80 ASTM F439 NSF/ANSI STD 14&61 FDA 21 DE 32;05;;;pç;
052_p1_t0;052-SAA-0017-7471-PBHI-DE-0001ETAVILACPRODQUIMICOSCARVAO-R1.pdf;1;6;CARVÃO ATIVADO;06;300386;TUBO CPVC SCH80 SOLDAVEL PN10 P/ TUBULACAO DE32MM ASTM F441 NSF/ANSI STD 14&61 FDA 21 DE 32;08;;;m;descrição em 2 linhas
052_p1_t0;052-SAA-0017-7471-PBHI-DE-0001ETAVILACPRODQUIMICOSCARVAO-R1.pdf;1;7;CARVÃO ATIVADO;07;309088;VALVULA DE CONTROLE DE PRESSAO DUPLA UNIAO CPVC SCH80 ASTM F441/439 DIAFRAGMA PTFE VEDACAO EPDM PN10 0,5 A 9BAR SAIDA PARA MANOMETRO OPCIONAL DE 32;02;;;pç;"descrição em 2 linhas; kerning do PDF abre espaço dentro de DIAFRAGMA (lido como palavra única)"
052_p1_t0;052-SAA-0017-7471-PBHI-DE-0001ETAVILACPRODQUIMICOSCARVAO-R1.pdf;1;8;CARVÃO ATIVADO;08;310147;BOMBA DOSADORA DIAFRAGMA PASSO OU PERISTALTICA PROD QUIM EXCETO HIDROX CALCIO CARVAO COM AUTOMACAO 4 A 20MA E DISPLAY TIPO 2B 120L/H 4BAR;02;;;pç;"descrição em 2 linhas; kerning do PDF abre espaço dentro de DIAFRAGMA (lido como palavra única)"
052_p1_t0;052-SAA-0017-7471-PBHI-DE-0001ETAVILACPRODQUIMICOSCARVAO-R1.pdf;1;9;ÁGUA P/ LAVAGEM DOS TUBOS/BOMBAS DOSADORAS;30;300386;TUBO CPVC SCH80 SOLDAVEL PN10 P/ TUBULACAO DE32MM ASTM F441 NSF/ANSI STD 14&61 FDA 21 DE 32;01;;;pç;unidade PÇ para tubo (impresso assim)
052_p1_t0;052-SAA-0017-7471-PBHI-DE-0001ETAVILACPRODQUIMICOSCARVAO-R1.pdf;1;10;ÁGUA P/ LAVAGEM DOS TUBOS/BOMBAS DOSADORAS;31;300536;TE CPVC JS BBB PN10 SCHEDULE 80 ASTM F439 NSF/ANSI STD 14&61 FDA 21 DE 32;04;;;pç;
052_p1_t0;052-SAA-0017-7471-PBHI-DE-0001ETAVILACPRODQUIMICOSCARVAO-R1.pdf;1;11;ÁGUA P/ LAVAGEM DOS TUBOS/BOMBAS DOSADORAS;32;300491;CURVA CPVC JS BB 90 PN10 SCHEDULE 80 ASTM F439 NSF/ANSI STD 14&61 FDA 21 DE 32;03;;;pç;
052_p1_t0;052-SAA-0017-7471-PBHI-DE-0001ETAVILACPRODQUIMICOSCARVAO-R1.pdf;1;12;ÁGUA P/ LAVAGEM DOS TUBOS/BOMBAS DOSADORAS;33;300628;VALVULA RETENCAO DUPLA UNIAO EM CPVC JS PN16 FECHAMENTO MINIMO COM 1 MCA SCHEDULE 80 EN ISO 16137 NSF/ANSI STD 14&61 FDA 21 DE 32;01;;;pç;
052_p1_t0;052-SAA-0017-7471-PBHI-DE-0001ETAVILACPRODQUIMICOSCARVAO-R1.pdf;1;13;ÁGUA P/ LAVAGEM DOS TUBOS/BOMBAS DOSADORAS;34;300574;VALVULA DIAFRAGMA DUPLA UNIAO EM CPVC JS PN16 COM ACIONAMENTO POR VOLANTE SCHEDULE 80 EN ISO 16138 NSF/ANSI STD 14&61 FDA 21 DE 32;03;;;pç;kerning do PDF abre espaço dentro de DIAFRAGMA (lido como palavra única)
052_p1_t0;052-SAA-0017-7471-PBHI-DE-0001ETAVILACPRODQUIMICOSCARVAO-R1.pdf;1;14;ÁGUA P/ LAVAGEM DOS TUBOS/BOMBAS DOSADORAS;35;-;PORTA DE DUAS FOLHAS EM ALUMÍNIO ANODIZADO COM VENEZIANAS - DIMENSÕES: 175(A) x 160(L)cm;01;;;cj;
052_p1_t0;052-SAA-0017-7471-PBHI-DE-0001ETAVILACPRODQUIMICOSCARVAO-R1.pdf;1;15;APLICAÇÃO DE PRODUTOS QUÍMICOS;37*;-;"COLAR DE TOMADA DN500xDN1""";02;;;pç;asterisco depois do número
052_p1_t0;052-SAA-0017-7471-PBHI-DE-0001ETAVILACPRODQUIMICOSCARVAO-R1.pdf;1;16;APLICAÇÃO DE PRODUTOS QUÍMICOS;38;309050;ADAPTADOR CPVC JS BOLSA/ROSCA MACHO BSP SCH80 PN 10 ASTM F439 NSF/ANSI STD 14&61 FDA 21 DE 32 POL 1”;02;;;pç;aspas tipográficas ” no fim
052_p1_t0;052-SAA-0017-7471-PBHI-DE-0001ETAVILACPRODQUIMICOSCARVAO-R1.pdf;1;17;APLICAÇÃO DE PRODUTOS QUÍMICOS;39;300551;UNIAO CPVC JS PN10 SCHEDULE 80 ASTM F439 NSF/ANSI STD 14&61 FDA 21 DE 32;01;;;pç;
052_p1_t0;052-SAA-0017-7471-PBHI-DE-0001ETAVILACPRODQUIMICOSCARVAO-R1.pdf;1;18;APLICAÇÃO DE PRODUTOS QUÍMICOS;40;300491;CURVA CPVC JS BB 90 PN10 SCHEDULE 80 ASTM F439 NSF/ANSI STD 14&61 FDA 21 DE 32;46;;;pç;
052_p1_t0;052-SAA-0017-7471-PBHI-DE-0001ETAVILACPRODQUIMICOSCARVAO-R1.pdf;1;19;APLICAÇÃO DE PRODUTOS QUÍMICOS;41;300498;CURVA CPVC JS BB 45 PN10 SCHEDULE 80 ASTM F439 NSF/ANSI STD 14&61 FDA 21 DE 32;04;;;pç;
052_p1_t0;052-SAA-0017-7471-PBHI-DE-0001ETAVILACPRODQUIMICOSCARVAO-R1.pdf;1;20;APLICAÇÃO DE PRODUTOS QUÍMICOS;42;300386;TUBO CPVC SCH80 SOLDAVEL PN10 P/ TUBULACAO DE32MM ASTM F441 NSF/ANSI STD 14&61 FDA 21 DE 32;371;;;m;
052_p1_t0;052-SAA-0017-7471-PBHI-DE-0001ETAVILACPRODQUIMICOSCARVAO-R1.pdf;1;21;CAMINHAMENTO;44;311239;TAMPA DUPLA PRFV DE GRADE CHAPA VAO 0,6 X 0,6M FOLHA 0,8 X 0,8M;01;;;pç;
052_p1_t0;052-SAA-0017-7471-PBHI-DE-0001ETAVILACPRODQUIMICOSCARVAO-R1.pdf;1;22;CAMINHAMENTO;45;300536;TE CPVC JS BBB PN10 SCHEDULE 80 ASTM F439 NSF/ANSI STD 14&61 FDA 21 DE 32;01;;;pç;
052_p1_t0;052-SAA-0017-7471-PBHI-DE-0001ETAVILACPRODQUIMICOSCARVAO-R1.pdf;1;23;CAMINHAMENTO;46;300574;VALVULA DIAFRAGMA DUPLA UNIAO EM CPVC JS PN16 COM ACIONAMENTO POR VOLANTE SCHEDULE 80 EN ISO 16138 NSF/ANSI STD 14&61 FDA 21 DE 32;02;;;pç;kerning do PDF abre espaço dentro de DIAFRAGMA (lido como palavra única)
052_p1_t0;052-SAA-0017-7471-PBHI-DE-0001ETAVILACPRODQUIMICOSCARVAO-R1.pdf;1;24;CAMINHAMENTO;47;300386;TUBO CPVC SCH80 SOLDAVEL PN10 P/ TUBULACAO DE32MM ASTM F441 NSF/ANSI STD 14&61 FDA 21 DE 32;116;;;m;
052_p1_t0;052-SAA-0017-7471-PBHI-DE-0001ETAVILACPRODQUIMICOSCARVAO-R1.pdf;1;25;CAMINHAMENTO;48;301260;JOELHO PVC JS 90 SCH80 PN10 DE32MM ASTM D2467 NSF/ANSI STD 14&61 FDA 21;09;;;pç;
052_p1_t0;052-SAA-0017-7471-PBHI-DE-0001ETAVILACPRODQUIMICOSCARVAO-R1.pdf;1;26;CAMINHAMENTO;49;301272;JOELHO PVC JS 45 SCH80 PN10 DE32MM ASTM D2467 NSF/ANSI STD 14&61 FDA 21;02;;;pç;
052_p1_t0;052-SAA-0017-7471-PBHI-DE-0001ETAVILACPRODQUIMICOSCARVAO-R1.pdf;1;27;INTENS GERAIS;*50;302026;ABRAÇADEIRA AÇO INOXx304;03;;;pç;seção impressa INTENS (sic)
052_p1_t0;052-SAA-0017-7471-PBHI-DE-0001ETAVILACPRODQUIMICOSCARVAO-R1.pdf;1;28;INTENS GERAIS;S/N;304517;"CHUMBADOR QUÍMICO AÇO INOX Ø1/4"" x 2""";06;;;pç;
053_p1_t0;053-SAA-0017-7471-PBHI-DE-0001ETAVILACCOLAMOSTRAAGUABRUTA-R1.pdf;1;1;BOMBAS DE COLETA- ÁGUA BRUTA;01;300386;TUBO CPVC SCH80 SOLDAVEL PN10 P/ TUBULACAO DE32MM ASTM F441 NSF/ANSI STD 14&61 FDA 21 DE 32;01;;;barras;titulos RELACAO DE MATERIAIS / ETA VILA C - COLETA DE AMOSTRA - AGUA BRUTA | BOMBAS DE COLETA- AGUA BRUTA eh caixa de secao (mesmo estilo de PONTOS DE COLETA etc.) | unidade BARRAS fora da lista normalizada | descricao em 2 linhas | nada riscado | unidades impressas PÇ maiusculo
053_p1_t0;053-SAA-0017-7471-PBHI-DE-0001ETAVILACCOLAMOSTRAAGUABRUTA-R1.pdf;1;2;BOMBAS DE COLETA- ÁGUA BRUTA;02;301260;JOELHO PVC JS 90 SCH80 PN10 DE32MM ASTM D2467 NSF/ANSI STD 14&61 FDA 21;03;;;pç;
053_p1_t0;053-SAA-0017-7471-PBHI-DE-0001ETAVILACCOLAMOSTRAAGUABRUTA-R1.pdf;1;3;BOMBAS DE COLETA- ÁGUA BRUTA;03;300506;LUVA CPVC JS BB PN 10 SCHEDULE 80 ASTM F439 NSF/ANSI STD 14&61 FDA 21 DE 32;03;;;pç;
053_p1_t0;053-SAA-0017-7471-PBHI-DE-0001ETAVILACCOLAMOSTRAAGUABRUTA-R1.pdf;1;4;BOMBAS DE COLETA- ÁGUA BRUTA;04;300591;VALVULA ESFERA DUPLA UNIAO EM CPVC JS PN16 COM ACIONAMENTO MANUAL SCHEDULE 80 EN ISO 16135 NSF/ANSI STD 14&61 FDA 21 DE 32;03;;;pç;
053_p1_t0;053-SAA-0017-7471-PBHI-DE-0001ETAVILACCOLAMOSTRAAGUABRUTA-R1.pdf;1;5;BOMBAS DE COLETA- ÁGUA BRUTA;05;300536;TE CPVC JS BBB PN10 SCHEDULE 80 ASTM F439 NSF/ANSI STD 14&61 FDA 21 DE 32;01;;;pç;
053_p1_t0;053-SAA-0017-7471-PBHI-DE-0001ETAVILACCOLAMOSTRAAGUABRUTA-R1.pdf;1;6;BOMBAS DE COLETA- ÁGUA BRUTA;06;309056;ADAPTADOR CPVC JS BOLSA/ROSCA FEMEA BSP SCH80 PN 10 ASTM F439 NSF/ANSI STD 14&61 FDA 21 DE 32 POL 1”;01;;;pç;
053_p1_t0;053-SAA-0017-7471-PBHI-DE-0001ETAVILACCOLAMOSTRAAGUABRUTA-R1.pdf;1;7;BOMBAS DE COLETA- ÁGUA BRUTA;*07;-;"BOMBA CENTRÍFUGA AUTOASPIRANTE - Q=2m3/h; h=14mca; 1/4 CV";01;;;pç;item impresso com espaco apos o asterisco (* 07) | ponto-e-virgula na descricao | codigo hifen
053_p1_t0;053-SAA-0017-7471-PBHI-DE-0001ETAVILACCOLAMOSTRAAGUABRUTA-R1.pdf;1;8;BOMBAS DE COLETA- ÁGUA BRUTA;08;309050;ADAPTADOR CPVC JS BOLSA/ROSCA MACHO BSP SCH80 PN 10 ASTM F439 NSF/ANSI STD 14&61 FDA 21 DE 32 POL 1”;02;;;pç;
053_p1_t0;053-SAA-0017-7471-PBHI-DE-0001ETAVILACCOLAMOSTRAAGUABRUTA-R1.pdf;1;9;BOMBAS DE COLETA- ÁGUA BRUTA;**09;300583;VALVULA ESFERA DUPLA UNIAO EM CPVC JS PN16 COM ACIONAMENTO MANUAL COM OPCAO PARA AUTOMACAO SCHEDULE 80 EN ISO 16135 NSF/ANSI STD 14&61 FDA 21 DE 32;01;;;pç;item com dois asteriscos ** remete a nota ** Kit Valvula Solenoide Partida A Frio 3 E 2 Vias Universal
053_p1_t0;053-SAA-0017-7471-PBHI-DE-0001ETAVILACCOLAMOSTRAAGUABRUTA-R1.pdf;1;10;BOMBAS DE COLETA- ÁGUA BRUTA;10;300628;VALVULA RETENCAO DUPLA UNIAO EM CPVC JS PN16 FECHAMENTO MINIMO COM 1 MCA SCHEDULE 80 EN ISO 16137 NSF/ANSI STD 14&61 FDA 21 DE 32;01;;;pç;
053_p1_t0;053-SAA-0017-7471-PBHI-DE-0001ETAVILACCOLAMOSTRAAGUABRUTA-R1.pdf;1;11;PONTOS DE COLETA;11;300386;TUBO CPVC SCH80 SOLDAVEL PN10 P/ TUBULACAO DE32MM ASTM F441 NSF/ANSI STD 14&61 FDA 21 DE 32;01;;;barras;unidade BARRAS
053_p1_t0;053-SAA-0017-7471-PBHI-DE-0001ETAVILACCOLAMOSTRAAGUABRUTA-R1.pdf;1;12;PONTOS DE COLETA;12;301260;JOELHO PVC JS 90 SCH80 PN10 DE32MM ASTM D2467 NSF/ANSI STD 14&61 FDA 21;08;;;pç;
053_p1_t0;053-SAA-0017-7471-PBHI-DE-0001ETAVILACCOLAMOSTRAAGUABRUTA-R1.pdf;1;13;PONTOS DE COLETA;13;309050;ADAPTADOR CPVC JS BOLSA/ROSCA MACHO BSP SCH80 PN 10 ASTM F439 NSF/ANSI STD 14&61 FDA 21 DE 32 POL 1”;03;;;pç;
053_p1_t0;053-SAA-0017-7471-PBHI-DE-0001ETAVILACCOLAMOSTRAAGUABRUTA-R1.pdf;1;14;PONTOS DE COLETA;14;300551;UNIAO CPVC JS PN10 SCHEDULE 80 ASTM F439 NSF/ANSI STD 14&61 FDA 21 DE 32;02;;;pç;
053_p1_t0;053-SAA-0017-7471-PBHI-DE-0001ETAVILACCOLAMOSTRAAGUABRUTA-R1.pdf;1;15;PONTOS DE COLETA;*15;-;"COLAR DE TOMADA FD DN500 x DN1""";01;;;pç;
053_p1_t0;053-SAA-0017-7471-PBHI-DE-0001ETAVILACCOLAMOSTRAAGUABRUTA-R1.pdf;1;16;PONTOS DE COLETA;16;309050;ADAPTADOR CPVC JS BOLSA/ROSCA MACHO BSP SCH80 PN 10 ASTM F439 NSF/ANSI STD 14&61 FDA 21 DE 32 POL 1”;01;;;pç;
053_p1_t0;053-SAA-0017-7471-PBHI-DE-0001ETAVILACCOLAMOSTRAAGUABRUTA-R1.pdf;1;17;PONTOS DE COLETA;*17;-;VÁLVULA DE PÉ COM CRIVO;01;;;pç;
053_p1_t0;053-SAA-0017-7471-PBHI-DE-0001ETAVILACCOLAMOSTRAAGUABRUTA-R1.pdf;1;18;PONTOS DE COLETA;S/N;-;ABRAÇADEIRA INOX304;52;;;pç;
053_p1_t0;053-SAA-0017-7471-PBHI-DE-0001ETAVILACCOLAMOSTRAAGUABRUTA-R1.pdf;1;19;CAMINHAMENTO;21;300386;TUBO CPVC SCH80 SOLDAVEL PN10 P/ TUBULACAO DE32MM ASTM F441 NSF/ANSI STD 14&61 FDA 21 DE 32;19;;;barras;numeracao salta de 17 para 21 (como impresso) | unidade BARRAS
053_p1_t0;053-SAA-0017-7471-PBHI-DE-0001ETAVILACCOLAMOSTRAAGUABRUTA-R1.pdf;1;20;CAMINHAMENTO;22;301260;JOELHO PVC JS 90 SCH80 PN10 DE32MM ASTM D2467 NSF/ANSI STD 14&61 FDA 21;10;;;pç;
053_p1_t0;053-SAA-0017-7471-PBHI-DE-0001ETAVILACCOLAMOSTRAAGUABRUTA-R1.pdf;1;21;CAMINHAMENTO;23;301272;JOELHO PVC JS 45 SCH80 PN10 DE32MM ASTM D2467 NSF/ANSI STD 14&61 FDA 21;02;;;pç;
053_p1_t0;053-SAA-0017-7471-PBHI-DE-0001ETAVILACCOLAMOSTRAAGUABRUTA-R1.pdf;1;22;ITENS GERAIS;S/N;302026;PECA ESPECIAL EM ACO INOX AISI 316 FABRICADA CONFORME DESENHO (PROTETOR DOS TUBOS DE COLETA DE AMOSTRA - DET 04);01 / 5,26;;;cj / kg;qtd/unidade empilhadas (01 CJ sobre 5,26 Kg)
053_p1_t0;053-SAA-0017-7471-PBHI-DE-0001ETAVILACCOLAMOSTRAAGUABRUTA-R1.pdf;1;23;ITENS GERAIS;S/N;302026;PECA ESPECIAL EM ACO INOX AISI 316 FABRICADA CONFORME DESENHO (FIXAÇÃO DAS TUBULAÇÕES DE COLETA - DET 05);134 / 34,84;;;cj / kg;qtd/unidade empilhadas (134 CJ sobre 34,84 Kg) | notas de rodape * e ** abaixo
054_p1_t0;054-SAA-0017-7471-PBHI-DE-0001ETAVILACCOLAMOSTRAAGUACOAG-R1.pdf;1;1;BOMBAS DE COLETA- ÁGUA COAGULADA;01;300386;TUBO CPVC SCH80 SOLDAVEL PN10 P/ TUBULACAO DE32MM ASTM F441 NSF/ANSI STD 14&61 FDA 21 DE 32;01;;;barras;"unidade impressa BARRAS (fora da lista de normalização; mantida como ""barras""); secao abaixo do título ETA VILA C - COLETA DE AMOSTRA - ÁGUA COAGULADA"
054_p1_t0;054-SAA-0017-7471-PBHI-DE-0001ETAVILACCOLAMOSTRAAGUACOAG-R1.pdf;1;2;BOMBAS DE COLETA- ÁGUA COAGULADA;02;301260;JOELHO PVC JS 90 SCH80 PN10 DE32MM ASTM D2467 NSF/ANSI STD 14&61 FDA 21;04;;;pç;
054_p1_t0;054-SAA-0017-7471-PBHI-DE-0001ETAVILACCOLAMOSTRAAGUACOAG-R1.pdf;1;3;BOMBAS DE COLETA- ÁGUA COAGULADA;03;300506;LUVA CPVC JS BB PN 10 SCHEDULE 80 ASTM F439 NSF/ANSI STD 14&61 FDA 21 DE 32;03;;;pç;
054_p1_t0;054-SAA-0017-7471-PBHI-DE-0001ETAVILACCOLAMOSTRAAGUACOAG-R1.pdf;1;4;BOMBAS DE COLETA- ÁGUA COAGULADA;04;300591;VALVULA ESFERA DUPLA UNIAO EM CPVC JS PN16 COM ACIONAMENTO MANUAL SCHEDULE 80 EN ISO 16135 NSF/ANSI STD 14&61 FDA 21 DE 32;03;;;pç;
054_p1_t0;054-SAA-0017-7471-PBHI-DE-0001ETAVILACCOLAMOSTRAAGUACOAG-R1.pdf;1;5;BOMBAS DE COLETA- ÁGUA COAGULADA;05;300536;TE CPVC JS BBB PN10 SCHEDULE 80 ASTM F439 NSF/ANSI STD 14&61 FDA 21 DE 32;01;;;pç;
054_p1_t0;054-SAA-0017-7471-PBHI-DE-0001ETAVILACCOLAMOSTRAAGUACOAG-R1.pdf;1;6;BOMBAS DE COLETA- ÁGUA COAGULADA;06;309056;ADAPTADOR CPVC JS BOLSA/ROSCA FEMEA BSP SCH80 PN 10 ASTM F439 NSF/ANSI STD 14&61 FDA 21 DE 32 POL 1”;01;;;pç;
054_p1_t0;054-SAA-0017-7471-PBHI-DE-0001ETAVILACCOLAMOSTRAAGUACOAG-R1.pdf;1;7;BOMBAS DE COLETA- ÁGUA COAGULADA;*07;-;"BOMBA CENTRÍFUGA AUTOASPIRANTE - Q=2m3/h; h=14mca; 1/4 CV";01;;;pç;"item impresso ""* 07"" (espaço após o asterisco)"
054_p1_t0;054-SAA-0017-7471-PBHI-DE-0001ETAVILACCOLAMOSTRAAGUACOAG-R1.pdf;1;8;BOMBAS DE COLETA- ÁGUA COAGULADA;08;309050;ADAPTADOR CPVC JS BOLSA/ROSCA MACHO BSP SCH80 PN 10 ASTM F439 NSF/ANSI STD 14&61 FDA 21 DE 32 POL 1”;02;;;pç;
054_p1_t0;054-SAA-0017-7471-PBHI-DE-0001ETAVILACCOLAMOSTRAAGUACOAG-R1.pdf;1;9;BOMBAS DE COLETA- ÁGUA COAGULADA;**09;300583;VALVULA ESFERA DUPLA UNIAO EM CPVC JS PN16 COM ACIONAMENTO MANUAL COM OPCAO PARA AUTOMACAO SCHEDULE 80 EN ISO 16135 NSF/ANSI STD 14&61 FDA 21 DE 32;01;;;pç;** remete à nota: Kit Válvula Solenoide Partida A Frio 3 E 2 Vias Universal
054_p1_t0;054-SAA-0017-7471-PBHI-DE-0001ETAVILACCOLAMOSTRAAGUACOAG-R1.pdf;1;10;BOMBAS DE COLETA- ÁGUA COAGULADA;10;300628;VALVULA RETENCAO DUPLA UNIAO EM CPVC JS PN16 FECHAMENTO MINIMO COM 1 MCA SCHEDULE 80 EN ISO 16137 NSF/ANSI STD 14&61 FDA 21 DE 32;01;;;pç;
054_p1_t0;054-SAA-0017-7471-PBHI-DE-0001ETAVILACCOLAMOSTRAAGUACOAG-R1.pdf;1;11;PONTOS DE COLETA;11;300386;TUBO CPVC SCH80 SOLDAVEL PN10 P/ TUBULACAO DE32MM ASTM F441 NSF/ANSI STD 14&61 FDA 21 DE 32;01;;;barras;"unidade impressa BARRAS (fora da lista de normalização; mantida como ""barras"")"
054_p1_t0;054-SAA-0017-7471-PBHI-DE-0001ETAVILACCOLAMOSTRAAGUACOAG-R1.pdf;1;12;PONTOS DE COLETA;12;301260;JOELHO PVC JS 90 SCH80 PN10 DE32MM ASTM D2467 NSF/ANSI STD 14&61 FDA 21;04;;;pç;
054_p1_t0;054-SAA-0017-7471-PBHI-DE-0001ETAVILACCOLAMOSTRAAGUACOAG-R1.pdf;1;13;PONTOS DE COLETA;13;309050;ADAPTADOR CPVC JS BOLSA/ROSCA MACHO BSP SCH80 PN 10 ASTM F439 NSF/ANSI STD 14&61 FDA 21 DE 32 POL 1”;02;;;pç;
054_p1_t0;054-SAA-0017-7471-PBHI-DE-0001ETAVILACCOLAMOSTRAAGUACOAG-R1.pdf;1;14;PONTOS DE COLETA;14;300551;UNIAO CPVC JS PN10 SCHEDULE 80 ASTM F439 NSF/ANSI STD 14&61 FDA 21 DE 32;01;;;pç;
054_p1_t0;054-SAA-0017-7471-PBHI-DE-0001ETAVILACCOLAMOSTRAAGUACOAG-R1.pdf;1;15;PONTOS DE COLETA;*15;-;"COLAR DE TOMADA FD DN500 x DN1""";01;;;pç;
054_p1_t0;054-SAA-0017-7471-PBHI-DE-0001ETAVILACCOLAMOSTRAAGUACOAG-R1.pdf;1;16;PONTOS DE COLETA;16;309050;ADAPTADOR CPVC JS BOLSA/ROSCA MACHO BSP SCH80 PN 10 ASTM F439 NSF/ANSI STD 14&61 FDA 21 DE 32 POL 1”;01;;;pç;
054_p1_t0;054-SAA-0017-7471-PBHI-DE-0001ETAVILACCOLAMOSTRAAGUACOAG-R1.pdf;1;17;PONTOS DE COLETA;*17;-;VÁLVULA DE PÉ COM CRIVO;01;;;pç;
054_p1_t0;054-SAA-0017-7471-PBHI-DE-0001ETAVILACCOLAMOSTRAAGUACOAG-R1.pdf;1;18;PONTOS DE COLETA;S/N;-;ABRAÇADEIRA INOX304;52;;;pç;
054_p1_t0;054-SAA-0017-7471-PBHI-DE-0001ETAVILACCOLAMOSTRAAGUACOAG-R1.pdf;1;19;CAMINHAMENTO;21;300386;TUBO CPVC SCH80 SOLDAVEL PN10 P/ TUBULACAO DE32MM ASTM F441 NSF/ANSI STD 14&61 FDA 21 DE 32;26;;;barras;"unidade impressa BARRAS (fora da lista de normalização; mantida como ""barras"")"
054_p1_t0;054-SAA-0017-7471-PBHI-DE-0001ETAVILACCOLAMOSTRAAGUACOAG-R1.pdf;1;20;CAMINHAMENTO;22;301260;JOELHO PVC JS 90 SCH80 PN10 DE32MM ASTM D2467 NSF/ANSI STD 14&61 FDA 21;10;;;pç;
054_p1_t0;054-SAA-0017-7471-PBHI-DE-0001ETAVILACCOLAMOSTRAAGUACOAG-R1.pdf;1;21;CAMINHAMENTO;23;301272;JOELHO PVC JS 45 SCH80 PN10 DE32MM ASTM D2467 NSF/ANSI STD 14&61 FDA 21;02;;;pç;
054_p1_t0;054-SAA-0017-7471-PBHI-DE-0001ETAVILACCOLAMOSTRAAGUACOAG-R1.pdf;1;22;ITENS GERAIS;S/N;302026;PECA ESPECIAL EM ACO INOX AISI 316 FABRICADA CONFORME DESENHO (FIXAÇÃO DAS TUBULAÇÕES DE COLETA - DET 04);112 / 29,12;;;cj / kg;"quantidade e unidade empilhadas (CJ sobre Kg); 29,12 encosta na linha inferior da célula"
055_p1_t0;055-SAA-0017-7471-PBHI-DE-0001ETAVILACCOLAMOSTRAAGUAFLOC-R1.pdf;1;1;BOMBAS DE COLETA- ÁGUA FLOCULADA;01;300386;TUBO CPVC SCH80 SOLDAVEL PN10 P/ TUBULACAO DE32MM ASTM F441 NSF/ANSI STD 14&61 FDA 21 DE 32;04;;;barras;"títulos: RELAÇÃO DE MATERIAIS / ETA VILA C - COLETA DE AMOSTRA - ÁGUA FLOCULADA - descrição em 2 linhas - UN ""BARRAS"" fora da lista normalizada - moldura azul = viewport"
055_p1_t0;055-SAA-0017-7471-PBHI-DE-0001ETAVILACCOLAMOSTRAAGUAFLOC-R1.pdf;1;2;BOMBAS DE COLETA- ÁGUA FLOCULADA;02;301260;JOELHO PVC JS 90 SCH80 PN10 DE32MM ASTM D2467 NSF/ANSI STD 14&61 FDA 21;10;;;pç;"UN impressa ""PÇ"""
055_p1_t0;055-SAA-0017-7471-PBHI-DE-0001ETAVILACCOLAMOSTRAAGUAFLOC-R1.pdf;1;3;BOMBAS DE COLETA- ÁGUA FLOCULADA;03;300506;LUVA CPVC JS BB PN 10 SCHEDULE 80 ASTM F439 NSF/ANSI STD 14&61 FDA 21 DE 32;06;;;pç;
055_p1_t0;055-SAA-0017-7471-PBHI-DE-0001ETAVILACCOLAMOSTRAAGUAFLOC-R1.pdf;1;4;BOMBAS DE COLETA- ÁGUA FLOCULADA;04;300591;VALVULA ESFERA DUPLA UNIAO EM CPVC JS PN16 COM ACIONAMENTO MANUAL SCHEDULE 80 EN ISO 16135 NSF/ANSI STD 14&61 FDA 21 DE 32;06;;;pç;"descrição em 2 linhas (quebra ""EN"" / ""ISO"")"
055_p1_t0;055-SAA-0017-7471-PBHI-DE-0001ETAVILACCOLAMOSTRAAGUAFLOC-R1.pdf;1;5;BOMBAS DE COLETA- ÁGUA FLOCULADA;05;300536;TE CPVC JS BBB PN10 SCHEDULE 80 ASTM F439 NSF/ANSI STD 14&61 FDA 21 DE 32;02;;;pç;
055_p1_t0;055-SAA-0017-7471-PBHI-DE-0001ETAVILACCOLAMOSTRAAGUAFLOC-R1.pdf;1;6;BOMBAS DE COLETA- ÁGUA FLOCULADA;06;309056;ADAPTADOR CPVC JS BOLSA/ROSCA FEMEA BSP SCH80 PN 10 ASTM F439 NSF/ANSI STD 14&61 FDA 21 DE 32 POL 1”;02;;;pç;"descrição em 2 linhas (quebra ""FDA"" / ""21"")"
055_p1_t0;055-SAA-0017-7471-PBHI-DE-0001ETAVILACCOLAMOSTRAAGUAFLOC-R1.pdf;1;7;BOMBAS DE COLETA- ÁGUA FLOCULADA;*07;-;"BOMBA CENTRÍFUGA AUTOASPIRANTE - Q=2m3/h; h=14mca; 1/4 CV";02;;;pç;"item impresso ""* 07"" com espaço após o asterisco - código ""-"" - descrição contém "";"""
055_p1_t0;055-SAA-0017-7471-PBHI-DE-0001ETAVILACCOLAMOSTRAAGUAFLOC-R1.pdf;1;8;BOMBAS DE COLETA- ÁGUA FLOCULADA;08;309050;ADAPTADOR CPVC JS BOLSA/ROSCA MACHO BSP SCH80 PN 10 ASTM F439 NSF/ANSI STD 14&61 FDA 21 DE 32 POL 1”;04;;;pç;descrição em 2 linhas
055_p1_t0;055-SAA-0017-7471-PBHI-DE-0001ETAVILACCOLAMOSTRAAGUAFLOC-R1.pdf;1;9;BOMBAS DE COLETA- ÁGUA FLOCULADA;09;300583;VALVULA ESFERA DUPLA UNIAO EM CPVC JS PN16 COM ACIONAMENTO MANUAL COM OPCAO PARA AUTOMACAO SCHEDULE 80 EN ISO 16135 NSF/ANSI STD 14&61 FDA 21 DE 32;02;;;pç;descrição em 2 linhas
055_p1_t0;055-SAA-0017-7471-PBHI-DE-0001ETAVILACCOLAMOSTRAAGUAFLOC-R1.pdf;1;10;BOMBAS DE COLETA- ÁGUA FLOCULADA;10;300628;VALVULA RETENCAO DUPLA UNIAO EM CPVC JS PN16 FECHAMENTO MINIMO COM 1 MCA SCHEDULE 80 EN ISO 16137 NSF/ANSI STD 14&61 FDA 21 DE 32;02;;;pç;descrição em 2 linhas
055_p1_t0;055-SAA-0017-7471-PBHI-DE-0001ETAVILACCOLAMOSTRAAGUAFLOC-R1.pdf;1;11;PONTOS DE COLETA;11;300386;TUBO CPVC SCH80 SOLDAVEL PN10 P/ TUBULACAO DE32MM ASTM F441 NSF/ANSI STD 14&61 FDA 21 DE 32;02;;;barras;descrição em 2 linhas
055_p1_t0;055-SAA-0017-7471-PBHI-DE-0001ETAVILACCOLAMOSTRAAGUAFLOC-R1.pdf;1;12;PONTOS DE COLETA;12;301260;JOELHO PVC JS 90 SCH80 PN10 DE32MM ASTM D2467 NSF/ANSI STD 14&61 FDA 21;02;;;pç;
055_p1_t0;055-SAA-0017-7471-PBHI-DE-0001ETAVILACCOLAMOSTRAAGUAFLOC-R1.pdf;1;13;PONTOS DE COLETA;13;309050;ADAPTADOR CPVC JS BOLSA/ROSCA MACHO BSP SCH80 PN 10 ASTM F439 NSF/ANSI STD 14&61 FDA 21 DE 32 POL 1”;04;;;pç;descrição em 2 linhas
055_p1_t0;055-SAA-0017-7471-PBHI-DE-0001ETAVILACCOLAMOSTRAAGUAFLOC-R1.pdf;1;14;PONTOS DE COLETA;14;300551;UNIAO CPVC JS PN10 SCHEDULE 80 ASTM F439 NSF/ANSI STD 14&61 FDA 21 DE 32;02;;;pç;
055_p1_t0;055-SAA-0017-7471-PBHI-DE-0001ETAVILACCOLAMOSTRAAGUAFLOC-R1.pdf;1;15;PONTOS DE COLETA;15;300591;VALVULA ESFERA DUPLA UNIAO EM CPVC JS PN16 COM ACIONAMENTO MANUAL SCHEDULE 80 EN ISO 16135 NSF/ANSI STD 14&61 FDA 21 DE 32;02;;;pç;descrição em 2 linhas
055_p1_t0;055-SAA-0017-7471-PBHI-DE-0001ETAVILACCOLAMOSTRAAGUAFLOC-R1.pdf;1;16;PONTOS DE COLETA;*16;-;VÁLVULA DE PÉ COM CRIVO;02;;;pç;"código ""-"""
055_p1_t0;055-SAA-0017-7471-PBHI-DE-0001ETAVILACCOLAMOSTRAAGUAFLOC-R1.pdf;1;17;PONTOS DE COLETA;S/N;-;ABRAÇADEIRA INOX304;06;;;cj;"código ""-"""
055_p1_t0;055-SAA-0017-7471-PBHI-DE-0001ETAVILACCOLAMOSTRAAGUAFLOC-R1.pdf;1;18;CAMINHAMENTO;21;300386;TUBO CPVC SCH80 SOLDAVEL PN10 P/ TUBULACAO DE32MM ASTM F441 NSF/ANSI STD 14&61 FDA 21 DE 32;53;;;pç;"descrição em 2 linhas - UN impressa ""PÇ"" (não BARRAS) para o tubo"
055_p1_t0;055-SAA-0017-7471-PBHI-DE-0001ETAVILACCOLAMOSTRAAGUAFLOC-R1.pdf;1;19;CAMINHAMENTO;22;301260;JOELHO PVC JS 90 SCH80 PN10 DE32MM ASTM D2467 NSF/ANSI STD 14&61 FDA 21;19;;;pç;
055_p1_t0;055-SAA-0017-7471-PBHI-DE-0001ETAVILACCOLAMOSTRAAGUAFLOC-R1.pdf;1;20;CAMINHAMENTO;23;301272;JOELHO PVC JS 45 SCH80 PN10 DE32MM ASTM D2467 NSF/ANSI STD 14&61 FDA 21;02;;;cj;"UN impressa ""CJ"""
055_p1_t0;055-SAA-0017-7471-PBHI-DE-0001ETAVILACCOLAMOSTRAAGUAFLOC-R1.pdf;1;21;CAMINHAMENTO;24;300536;TE CPVC JS BBB PN10 SCHEDULE 80 ASTM F439 NSF/ANSI STD 14&61 FDA 21 DE 32;01;;;pç;
055_p1_t0;055-SAA-0017-7471-PBHI-DE-0001ETAVILACCOLAMOSTRAAGUAFLOC-R1.pdf;1;22;ITENS GERAIS;S/N;302026;PECA ESPECIAL EM ACO INOX AISI 316 FABRICADA CONFORME DESENHO (PROTETOR DOS TUBOS DE COLETA DE AMOSTRA - DET 04);17 / 90,68;;;cj / kg;descrição em 2 linhas - quantidade e UN empilhadas (17 CJ sobre 90,68 Kg)
055_p1_t0;055-SAA-0017-7471-PBHI-DE-0001ETAVILACCOLAMOSTRAAGUAFLOC-R1.pdf;1;23;ITENS GERAIS;S/N;302026;PECA ESPECIAL EM ACO INOX AISI 316 FABRICADA CONFORME DESENHO (FIXAÇÃO DAS TUBULAÇÕES DE COLETA - DET 05);150 / 39,00;;;cj / kg;descrição em 2 linhas - quantidade e UN empilhadas (150 CJ sobre 39,00 Kg)
056_p1_t0;056-SAA-0017-7471-PBHI-DE-0001ETAVILACCOLAMOSTRAAGUADEC-R1.pdf;1;1;BOMBAS DE COLETA- ÁGUA DECANTADA;01;300386;TUBO CPVC SCH80 SOLDAVEL PN10 P/ TUBULACAO DE32MM ASTM F441 NSF/ANSI STD 14&61 FDA 21 DE 32;02;;;barras;"unidade impressa BARRAS (fora da lista de normalização; mantida como ""barras""); secao abaixo do título ETA - COLETA DE AMOSTRA - ÁGUA DECANTADA"
056_p1_t0;056-SAA-0017-7471-PBHI-DE-0001ETAVILACCOLAMOSTRAAGUADEC-R1.pdf;1;2;BOMBAS DE COLETA- ÁGUA DECANTADA;02;301260;JOELHO PVC JS 90 SCH80 PN10 DE32MM ASTM D2467 NSF/ANSI STD 14&61 FDA 21;18;;;pç;
056_p1_t0;056-SAA-0017-7471-PBHI-DE-0001ETAVILACCOLAMOSTRAAGUADEC-R1.pdf;1;3;BOMBAS DE COLETA- ÁGUA DECANTADA;03;300506;LUVA CPVC JS BB PN 10 SCHEDULE 80 ASTM F439 NSF/ANSI STD 14&61 FDA 21 DE 32;09;;;pç;
056_p1_t0;056-SAA-0017-7471-PBHI-DE-0001ETAVILACCOLAMOSTRAAGUADEC-R1.pdf;1;4;BOMBAS DE COLETA- ÁGUA DECANTADA;04;300591;VALVULA ESFERA DUPLA UNIAO EM CPVC JS PN16 COM ACIONAMENTO MANUAL SCHEDULE 80 EN ISO 16135 NSF/ANSI STD 14&61 FDA 21 DE 32;09;;;pç;
056_p1_t0;056-SAA-0017-7471-PBHI-DE-0001ETAVILACCOLAMOSTRAAGUADEC-R1.pdf;1;5;BOMBAS DE COLETA- ÁGUA DECANTADA;05;300536;TE CPVC JS BBB PN10 SCHEDULE 80 ASTM F439 NSF/ANSI STD 14&61 FDA 21 DE 32;03;;;pç;
056_p1_t0;056-SAA-0017-7471-PBHI-DE-0001ETAVILACCOLAMOSTRAAGUADEC-R1.pdf;1;6;BOMBAS DE COLETA- ÁGUA DECANTADA;06;309056;ADAPTADOR CPVC JS BOLSA/ROSCA FEMEA BSP SCH80 PN 10 ASTM F439 NSF/ANSI STD 14&61 FDA 21 DE 32 POL 1”;06;;;pç;
056_p1_t0;056-SAA-0017-7471-PBHI-DE-0001ETAVILACCOLAMOSTRAAGUADEC-R1.pdf;1;7;BOMBAS DE COLETA- ÁGUA DECANTADA;*07;-;"BOMBA CENTRÍFUGA AUTOASPIRANTE - Q=2m3/h; h=14mca; 1/4 CV";03;;;pç;"item impresso ""* 07"" (espaço após o asterisco)"
056_p1_t0;056-SAA-0017-7471-PBHI-DE-0001ETAVILACCOLAMOSTRAAGUADEC-R1.pdf;1;8;BOMBAS DE COLETA- ÁGUA DECANTADA;08;309050;ADAPTADOR CPVC JS BOLSA/ROSCA MACHO BSP SCH80 PN 10 ASTM F439 NSF/ANSI STD 14&61 FDA 21 DE 32 POL 1”;06;;;pç;
056_p1_t0;056-SAA-0017-7471-PBHI-DE-0001ETAVILACCOLAMOSTRAAGUADEC-R1.pdf;1;9;BOMBAS DE COLETA- ÁGUA DECANTADA;09;300583;VALVULA ESFERA DUPLA UNIAO EM CPVC JS PN16 COM ACIONAMENTO MANUAL COM OPCAO PARA AUTOMACAO SCHEDULE 80 EN ISO 16135 NSF/ANSI STD 14&61 FDA 21 DE 32;03;;;pç;
056_p1_t0;056-SAA-0017-7471-PBHI-DE-0001ETAVILACCOLAMOSTRAAGUADEC-R1.pdf;1;10;BOMBAS DE COLETA- ÁGUA DECANTADA;10;300628;VALVULA RETENCAO DUPLA UNIAO EM CPVC JS PN16 FECHAMENTO MINIMO COM 1 MCA SCHEDULE 80 EN ISO 16137 NSF/ANSI STD 14&61 FDA 21 DE 32;03;;;pç;
056_p1_t0;056-SAA-0017-7471-PBHI-DE-0001ETAVILACCOLAMOSTRAAGUADEC-R1.pdf;1;11;PONTOS DE COLETA;11;300386;TUBO CPVC SCH80 SOLDAVEL PN10 P/ TUBULACAO DE32MM ASTM F441 NSF/ANSI STD 14&61 FDA 21 DE 32;02;;;barras;"unidade impressa BARRAS (fora da lista de normalização; mantida como ""barras"")"
056_p1_t0;056-SAA-0017-7471-PBHI-DE-0001ETAVILACCOLAMOSTRAAGUADEC-R1.pdf;1;12;PONTOS DE COLETA;12;301260;JOELHO PVC JS 90 SCH80 PN10 DE32MM ASTM D2467 NSF/ANSI STD 14&61 FDA 21;03;;;pç;
056_p1_t0;056-SAA-0017-7471-PBHI-DE-0001ETAVILACCOLAMOSTRAAGUADEC-R1.pdf;1;13;PONTOS DE COLETA;14;300551;UNIAO CPVC JS PN10 SCHEDULE 80 ASTM F439 NSF/ANSI STD 14&61 FDA 21 DE 32;03;;;pç;numeração salta de 12 para 14 no original
056_p1_t0;056-SAA-0017-7471-PBHI-DE-0001ETAVILACCOLAMOSTRAAGUADEC-R1.pdf;1;14;PONTOS DE COLETA;15;300591;VALVULA ESFERA DUPLA UNIAO EM CPVC JS PN16 COM ACIONAMENTO MANUAL SCHEDULE 80 EN ISO 16135 NSF/ANSI STD 14&61 FDA 21 DE 32;03;;;pç;
056_p1_t0;056-SAA-0017-7471-PBHI-DE-0001ETAVILACCOLAMOSTRAAGUADEC-R1.pdf;1;15;PONTOS DE COLETA;*16;-;VÁLVULA DE PÉ COM CRIVO;03;;;pç;
056_p1_t0;056-SAA-0017-7471-PBHI-DE-0001ETAVILACCOLAMOSTRAAGUADEC-R1.pdf;1;16;CAMINHAMENTO;21;300386;TUBO CPVC SCH80 SOLDAVEL PN10 P/ TUBULACAO DE32MM ASTM F441 NSF/ANSI STD 14&61 FDA 21 DE 32;36;;;barras;"unidade impressa BARRAS (fora da lista de normalização; mantida como ""barras"")"
056_p1_t0;056-SAA-0017-7471-PBHI-DE-0001ETAVILACCOLAMOSTRAAGUADEC-R1.pdf;1;17;CAMINHAMENTO;22;301260;JOELHO PVC JS 90 SCH80 PN10 DE32MM ASTM D2467 NSF/ANSI STD 14&61 FDA 21;24;;;pç;
056_p1_t0;056-SAA-0017-7471-PBHI-DE-0001ETAVILACCOLAMOSTRAAGUADEC-R1.pdf;1;18;CAMINHAMENTO;23;301272;JOELHO PVC JS 45 SCH80 PN10 DE32MM ASTM D2467 NSF/ANSI STD 14&61 FDA 21;02;;;pç;
056_p1_t0;056-SAA-0017-7471-PBHI-DE-0001ETAVILACCOLAMOSTRAAGUADEC-R1.pdf;1;19;CAMINHAMENTO;24;300536;TE CPVC JS BBB PN10 SCHEDULE 80 ASTM F439 NSF/ANSI STD 14&61 FDA 21 DE 32;01;;;pç;
056_p1_t0;056-SAA-0017-7471-PBHI-DE-0001ETAVILACCOLAMOSTRAAGUADEC-R1.pdf;1;20;ITENS GERAIS;S/N;302026;PECA ESPECIAL EM ACO INOX AISI 316 FABRICADA CONFORME DESENHO (PROTETOR DOS TUBOS DE COLETA DE AMOSTRA - DET 04);25 / 131,50;;;cj / kg;quantidade e unidade empilhadas (CJ sobre Kg)
056_p1_t0;056-SAA-0017-7471-PBHI-DE-0001ETAVILACCOLAMOSTRAAGUADEC-R1.pdf;1;21;ITENS GERAIS;S/N;302026;PECA ESPECIAL EM ACO INOX AISI 316 FABRICADA CONFORME DESENHO (FIXAÇÃO DAS TUBULAÇÕES DE COLETA - DET 05);145 / 37,70;;;cj / kg;quantidade e unidade empilhadas (CJ sobre Kg)
057_p1_t0;057-SAA-0017-7471-PBHI-DE-0001ETAVILACCOLAMOSTRAAGUAFILT-R1.pdf;1;1;BOMBAS DE COLETA- ÁGUA FILTRADA;01;300386;TUBO CPVC SCH80 SOLDAVEL PN10 P/ TUBULACAO DE32 MM ASTM F441 NSF/ANSI STD 14&61 FDA 21 DE 32;01;;;barras;"seção BOMBAS DE COLETA- ÁGUA FILTRADA impressa acima do cabeçalho (títulos: RELAÇÃO DE MATERIAIS / ETA - COLETA DE AMOSTRA - ÁGUA FILTRADA); descrição em 2 linhas; unidade impressa BARRAS (fora da lista normalizada; mantida em minúsculas)"
057_p1_t0;057-SAA-0017-7471-PBHI-DE-0001ETAVILACCOLAMOSTRAAGUAFILT-R1.pdf;1;2;BOMBAS DE COLETA- ÁGUA FILTRADA;02;301260;JOELHO PVC JS 90 SCH80 PN10 DE32MM ASTM D2467 NSF/ANSI STD 14&61 FDA 21;20;;;pç;unidade impressa PÇ
057_p1_t0;057-SAA-0017-7471-PBHI-DE-0001ETAVILACCOLAMOSTRAAGUAFILT-R1.pdf;1;3;BOMBAS DE COLETA- ÁGUA FILTRADA;03;300506;LUVA CPVC JS BB PN 10 SCHEDULE 80 ASTM F439 NSF/ANSI STD 14&61 FDA 21 DE 32;15;;;pç;
057_p1_t0;057-SAA-0017-7471-PBHI-DE-0001ETAVILACCOLAMOSTRAAGUAFILT-R1.pdf;1;4;BOMBAS DE COLETA- ÁGUA FILTRADA;04;300591;VALVULA ESFERA DUPLA UNIAO EM CPVC JS PN16 COM ACIONAMENTO MANUAL SCHEDULE 80 EN ISO 16135 NSF/ANSI STD 14&61 FDA 21 DE 32;15;;;pç;descrição em 2 linhas
057_p1_t0;057-SAA-0017-7471-PBHI-DE-0001ETAVILACCOLAMOSTRAAGUAFILT-R1.pdf;1;5;BOMBAS DE COLETA- ÁGUA FILTRADA;05;300536;TE CPVC JS BBB PN10 SCHEDULE 80 ASTM F439 NSF/ANSI STD 14&61 FDA 21 DE 32;05;;;pç;
057_p1_t0;057-SAA-0017-7471-PBHI-DE-0001ETAVILACCOLAMOSTRAAGUAFILT-R1.pdf;1;6;BOMBAS DE COLETA- ÁGUA FILTRADA;06;309056;ADAPTADOR CPVC JS BOLSA/ROSCA FEMEA BSP SCH80 PN 10 ASTM F439 NSF/ANSI STD 14&61 FDA 21 DE 32 POL 1”;05;;;pç;descrição em 2 linhas
057_p1_t0;057-SAA-0017-7471-PBHI-DE-0001ETAVILACCOLAMOSTRAAGUAFILT-R1.pdf;1;7;BOMBAS DE COLETA- ÁGUA FILTRADA;*07;-;"BOMBA CENTRÍFUGA AUTOASPIRANTE - Q=2m3/h; h=14mca; 1/4 CV";05;;;pç;"item impresso ""* 07"" (espaço após asterisco); código ""-""; caixa mista; asterisco remete à nota ""* VER ESPECIFICAÇÃO TÉCNICA"""
057_p1_t0;057-SAA-0017-7471-PBHI-DE-0001ETAVILACCOLAMOSTRAAGUAFILT-R1.pdf;1;8;BOMBAS DE COLETA- ÁGUA FILTRADA;08;309050;ADAPTADOR CPVC JS BOLSA/ROSCA MACHO BSP SCH80 PN 10 ASTM F439 NSF/ANSI STD 14&61 FDA 21 DE 32 POL 1”;10;;;pç;descrição em 2 linhas
057_p1_t0;057-SAA-0017-7471-PBHI-DE-0001ETAVILACCOLAMOSTRAAGUAFILT-R1.pdf;1;9;BOMBAS DE COLETA- ÁGUA FILTRADA;09;300583;VALVULA ESFERA DUPLA UNIAO EM CPVC JS PN16 COM ACIONAMENTO MANUAL COM OPCAO PARA AUTOMACAO SCHEDULE 80 EN ISO 16135 NSF/ANSI STD 14&61 FDA 21 DE 32;05;;;pç;descrição em 2 linhas
057_p1_t0;057-SAA-0017-7471-PBHI-DE-0001ETAVILACCOLAMOSTRAAGUAFILT-R1.pdf;1;10;BOMBAS DE COLETA- ÁGUA FILTRADA;10;300628;VALVULA RETENCAO DUPLA UNIAO EM CPVC JS PN16 FECHAMENTO MINIMO COM 1 MCA SCHEDULE 80 EN ISO 16137 NSF/ANSI STD 14&61 FDA 21 DE 32;05;;;pç;descrição em 2 linhas
057_p1_t0;057-SAA-0017-7471-PBHI-DE-0001ETAVILACCOLAMOSTRAAGUAFILT-R1.pdf;1;11;PONTOS DE COLETA;11;300386;TUBO CPVC SCH80 SOLDAVEL PN10 P/ TUBULACAO DE32 MM ASTM F441 NSF/ANSI STD 14&61 FDA 21 DE 32;25;;;barras;"descrição em 2 linhas; unidade impressa BARRAS (fora da lista normalizada; mantida em minúsculas)"
057_p1_t0;057-SAA-0017-7471-PBHI-DE-0001ETAVILACCOLAMOSTRAAGUAFILT-R1.pdf;1;12;PONTOS DE COLETA;12;301260;JOELHO PVC JS 90 SCH80 PN10 DE32MM ASTM D2467 NSF/ANSI STD 14&61 FDA 21;37;;;pç;
057_p1_t0;057-SAA-0017-7471-PBHI-DE-0001ETAVILACCOLAMOSTRAAGUAFILT-R1.pdf;1;13;PONTOS DE COLETA;13;309050;ADAPTADOR CPVC JS BOLSA/ROSCA MACHO BSP SCH80 PN 10 ASTM F439 NSF/ANSI STD 14&61 FDA 21 DE 32 POL 1”;10;;;pç;descrição em 2 linhas
057_p1_t0;057-SAA-0017-7471-PBHI-DE-0001ETAVILACCOLAMOSTRAAGUAFILT-R1.pdf;1;14;PONTOS DE COLETA;14;300551;UNIAO CPVC JS PN10 SCHEDULE 80 ASTM F439 NSF/ANSI STD 14&61 FDA 21 DE 32;05;;;pç;
057_p1_t0;057-SAA-0017-7471-PBHI-DE-0001ETAVILACCOLAMOSTRAAGUAFILT-R1.pdf;1;15;PONTOS DE COLETA;15;300591;VALVULA ESFERA DUPLA UNIAO EM CPVC JS PN16 COM ACIONAMENTO MANUAL SCHEDULE 80 EN ISO 16135 NSF/ANSI STD 14&61 FDA 21 DE 32;05;;;pç;descrição em 2 linhas
057_p1_t0;057-SAA-0017-7471-PBHI-DE-0001ETAVILACCOLAMOSTRAAGUAFILT-R1.pdf;1;16;PONTOS DE COLETA;16;-;VÁLVULA DE PÉ COM CRIVO;05;;;pç;"código ""-"""
057_p1_t0;057-SAA-0017-7471-PBHI-DE-0001ETAVILACCOLAMOSTRAAGUAFILT-R1.pdf;1;17;CAMINHAMENTO;21;300386;TUBO CPVC SCH80 SOLDAVEL PN10 P/ TUBULACAO DE32 MM ASTM F441 NSF/ANSI STD 14&61 FDA 21 DE 32;18;;;barras;"descrição em 2 linhas; unidade impressa BARRAS (fora da lista normalizada; mantida em minúsculas)"
057_p1_t0;057-SAA-0017-7471-PBHI-DE-0001ETAVILACCOLAMOSTRAAGUAFILT-R1.pdf;1;18;CAMINHAMENTO;22;301260;JOELHO PVC JS 90 SCH80 PN10 DE32MM ASTM D2467 NSF/ANSI STD 14&61 FDA 21;19;;;pç;
057_p1_t0;057-SAA-0017-7471-PBHI-DE-0001ETAVILACCOLAMOSTRAAGUAFILT-R1.pdf;1;19;CAMINHAMENTO;23;301272;JOELHO PVC JS 45 SCH80 PN10 DE32MM ASTM D2467 NSF/ANSI STD 14&61 FDA 21;02;;;pç;
057_p1_t0;057-SAA-0017-7471-PBHI-DE-0001ETAVILACCOLAMOSTRAAGUAFILT-R1.pdf;1;20;CAMINHAMENTO;24;300536;TE CPVC JS BBB PN10 SCHEDULE 80 ASTM F439 NSF/ANSI STD 14&61 FDA 21 DE 32;04;;;pç;
057_p1_t0;057-SAA-0017-7471-PBHI-DE-0001ETAVILACCOLAMOSTRAAGUAFILT-R1.pdf;1;21;ITENS GERAIS;S/N;302026;PECA ESPECIAL EM ACO INOX AISI 316 FABRICADA CONFORME DESENHO (PROTETOR DOS TUBOS DE COLETA DE AMOSTRA - DET 04);43 / 370,46;;;cj / kg;quantidade e unidade empilhadas (43 CJ sobre 370,46 Kg) sem linha divisória
057_p1_t0;057-SAA-0017-7471-PBHI-DE-0001ETAVILACCOLAMOSTRAAGUAFILT-R1.pdf;1;22;ITENS GERAIS;S/N;302026;PECA ESPECIAL EM ACO INOX AISI 316 FABRICADA CONFORME DESENHO (FIXAÇÃO DAS TUBULAÇÕES DE COLETA - DET 05);123 / 31,98;;;cj / kg;quantidade e unidade empilhadas (123 CJ sobre 31,98 Kg)
058_p1_t0;058-SAA-0017-7471-PBHI-DE-0001ETAVILACCOLAMOSTRAAGUATRAT-R1.pdf;1;1;BOMBAS DE COLETA- ÁGUA TRATADA;01;300386;TUBO CPVC SCH80 SOLDAVEL PN10 P/ TUBULACAO DE32MM ASTM F441 NSF/ANSI STD 14&61 FDA 21 DE 32;01;;;barras;"títulos: RELAÇÃO DE MATERIAIS / ETA - COLETA DE AMOSTRA - ÁGUA TRATADA - descrição em 2 linhas - UN ""BARRAS"" fora da lista normalizada"
058_p1_t0;058-SAA-0017-7471-PBHI-DE-0001ETAVILACCOLAMOSTRAAGUATRAT-R1.pdf;1;2;BOMBAS DE COLETA- ÁGUA TRATADA;02;300491;CURVA CPVC JS BB 90 PN10 SCHEDULE 80 ASTM F439 NSF/ANSI STD 14&61 FDA 21 DE 32;08;;;pç;"UN impressa ""PÇ"""
058_p1_t0;058-SAA-0017-7471-PBHI-DE-0001ETAVILACCOLAMOSTRAAGUATRAT-R1.pdf;1;3;BOMBAS DE COLETA- ÁGUA TRATADA;03;300506;LUVA CPVC JS BB PN 10 SCHEDULE 80 ASTM F439 NSF/ANSI STD 14&61 FDA 21 DE 32;06;;;pç;
058_p1_t0;058-SAA-0017-7471-PBHI-DE-0001ETAVILACCOLAMOSTRAAGUATRAT-R1.pdf;1;4;BOMBAS DE COLETA- ÁGUA TRATADA;04;300591;VALVULA ESFERA DUPLA UNIAO EM CPVC JS PN16 COM ACIONAMENTO MANUAL SCHEDULE 80 EN ISO 16135 NSF/ANSI STD 14&61 FDA 21 DE 32;06;;;pç;descrição em 2 linhas
058_p1_t0;058-SAA-0017-7471-PBHI-DE-0001ETAVILACCOLAMOSTRAAGUATRAT-R1.pdf;1;5;BOMBAS DE COLETA- ÁGUA TRATADA;05;300536;TE CPVC JS BBB PN10 SCHEDULE 80 ASTM F439 NSF/ANSI STD 14&61 FDA 21 DE 32;02;;;pç;
058_p1_t0;058-SAA-0017-7471-PBHI-DE-0001ETAVILACCOLAMOSTRAAGUATRAT-R1.pdf;1;6;BOMBAS DE COLETA- ÁGUA TRATADA;06;309056;ADAPTADOR CPVC JS BOLSA/ROSCA FEMEA BSP SCH80 PN 10 ASTM F439 NSF/ANSI STD 14&61 FDA 21 DE 32 POL 1”;02;;;pç;descrição em 2 linhas
058_p1_t0;058-SAA-0017-7471-PBHI-DE-0001ETAVILACCOLAMOSTRAAGUATRAT-R1.pdf;1;7;BOMBAS DE COLETA- ÁGUA TRATADA;*07;-;"BOMBA CENTRÍFUGA AUTOASPIRANTE - Q=2m3/h; h=14mca; 1/4 CV";02;;;pç;"código impresso ""-"" - asterisco remete à nota ""* VER ESPECIFICAÇÃO TÉCNICA"" - descrição contém "";"""
058_p1_t0;058-SAA-0017-7471-PBHI-DE-0001ETAVILACCOLAMOSTRAAGUATRAT-R1.pdf;1;8;BOMBAS DE COLETA- ÁGUA TRATADA;08;309050;ADAPTADOR CPVC JS BOLSA/ROSCA MACHO BSP SCH80 PN 10 ASTM F439 NSF/ANSI STD 14&61 FDA 21 DE 32 POL 1”;04;;;pç;descrição em 2 linhas
058_p1_t0;058-SAA-0017-7471-PBHI-DE-0001ETAVILACCOLAMOSTRAAGUATRAT-R1.pdf;1;9;BOMBAS DE COLETA- ÁGUA TRATADA;09;300583;VALVULA ESFERA DUPLA UNIAO EM CPVC JS PN16 COM ACIONAMENTO MANUAL COM OPCAO PARA AUTOMACAO SCHEDULE 80 EN ISO 16135 NSF/ANSI STD 14&61 FDA 21 DE 32;02;;;pç;descrição em 2 linhas
058_p1_t0;058-SAA-0017-7471-PBHI-DE-0001ETAVILACCOLAMOSTRAAGUATRAT-R1.pdf;1;10;BOMBAS DE COLETA- ÁGUA TRATADA;10;300628;VALVULA RETENCAO DUPLA UNIAO EM CPVC JS PN16 FECHAMENTO MINIMO COM 1 MCA SCHEDULE 80 EN ISO 16137 NSF/ANSI STD 14&61 FDA 21 DE 32;02;;;pç;descrição em 2 linhas
058_p1_t0;058-SAA-0017-7471-PBHI-DE-0001ETAVILACCOLAMOSTRAAGUATRAT-R1.pdf;1;11;PONTOS DE COLETA;11;300386;TUBO CPVC SCH80 SOLDAVEL PN10 P/ TUBULACAO DE32MM ASTM F441 NSF/ANSI STD 14&61 FDA 21 DE 32;02;;;barras;descrição em 2 linhas
058_p1_t0;058-SAA-0017-7471-PBHI-DE-0001ETAVILACCOLAMOSTRAAGUATRAT-R1.pdf;1;12;PONTOS DE COLETA;12;300491;CURVA CPVC JS BB 90 PN10 SCHEDULE 80 ASTM F439 NSF/ANSI STD 14&61 FDA 21 DE 32;02;;;pç;
058_p1_t0;058-SAA-0017-7471-PBHI-DE-0001ETAVILACCOLAMOSTRAAGUATRAT-R1.pdf;1;13;PONTOS DE COLETA;13;309050;ADAPTADOR CPVC JS BOLSA/ROSCA MACHO BSP SCH80 PN 10 ASTM F439 NSF/ANSI STD 14&61 FDA 21 DE 32 POL 1”;04;;;pç;descrição em 2 linhas
058_p1_t0;058-SAA-0017-7471-PBHI-DE-0001ETAVILACCOLAMOSTRAAGUATRAT-R1.pdf;1;14;PONTOS DE COLETA;14;300551;UNIAO CPVC JS PN10 SCHEDULE 80 ASTM F439 NSF/ANSI STD 14&61 FDA 21 DE 32;02;;;pç;
058_p1_t0;058-SAA-0017-7471-PBHI-DE-0001ETAVILACCOLAMOSTRAAGUATRAT-R1.pdf;1;15;PONTOS DE COLETA;15;300591;VALVULA ESFERA DUPLA UNIAO EM CPVC JS PN16 COM ACIONAMENTO MANUAL SCHEDULE 80 EN ISO 16135 NSF/ANSI STD 14&61 FDA 21 DE 32;02;;;pç;descrição em 2 linhas
058_p1_t0;058-SAA-0017-7471-PBHI-DE-0001ETAVILACCOLAMOSTRAAGUATRAT-R1.pdf;1;16;PONTOS DE COLETA;16;-;VÁLVULA DE PÉ COM CRIVO;02;;;pç;"código impresso ""-"""
058_p1_t0;058-SAA-0017-7471-PBHI-DE-0001ETAVILACCOLAMOSTRAAGUATRAT-R1.pdf;1;17;CAMINHAMENTO;21;300386;TUBO CPVC SCH80 SOLDAVEL PN10 P/ TUBULACAO DE32MM ASTM F441 NSF/ANSI STD 14&61 FDA 21 DE 32;38;;;barras;"descrição em 2 linhas - UN impressa ""BARAS"" (erro de grafia no desenho), normalizada para barras"
058_p1_t0;058-SAA-0017-7471-PBHI-DE-0001ETAVILACCOLAMOSTRAAGUATRAT-R1.pdf;1;18;CAMINHAMENTO;22;300491;CURVA CPVC JS BB 90 PN10 SCHEDULE 80 ASTM F439 NSF/ANSI STD 14&61 FDA 21 DE 32;16;;;pç;
058_p1_t0;058-SAA-0017-7471-PBHI-DE-0001ETAVILACCOLAMOSTRAAGUATRAT-R1.pdf;1;19;ITENS GERAIS;S/N;302026;PECA ESPECIAL EM ACO INOX AISI 316 FABRICADA CONFORME DESENHO (PROTETOR DOS TUBOS DE COLETA DE AMOSTRA - DET 04);40 / 210,40;;;cj / kg;descrição em 2 linhas - quantidade e UN empilhadas (40 CJ sobre 210,40 Kg)
058_p1_t0;058-SAA-0017-7471-PBHI-DE-0001ETAVILACCOLAMOSTRAAGUATRAT-R1.pdf;1;20;ITENS GERAIS;S/N;302026;PECA ESPECIAL EM ACO INOX AISI 316 FABRICADA CONFORME DESENHO (FIXAÇÃO DAS TUBULAÇÕES DE COLETA - DET 05);115 / 29,90;;;cj / kg;descrição em 2 linhas - quantidade e UN empilhadas (115 CJ sobre 29,90 Kg)
059_p1_t0;059-SAA-0017-7471-PBHI-DE-0001ETAVILACDETPREDADM-R1.pdf;1;1;LABORATÓRIO;01;300386;TUBO CPVC SCH80 SOLDAVEL PN10 P/ TUBULACAO DE32MM ASTM F441 NSF/ANSI STD 14&61 FDA 21 DE 32;32;;;barras;unidade impressa BARRAS (fora da lista normalizada, mantida em minusculas) | descricao em 2 linhas | caixas de titulo RELACAO DE MATERIAIS / ETA - COLETA DE AMOSTRA acima | LABORATORIO eh caixa de secao no mesmo estilo de ITENS GERAIS | nada riscado
059_p1_t0;059-SAA-0017-7471-PBHI-DE-0001ETAVILACDETPREDADM-R1.pdf;1;2;LABORATÓRIO;02;300491;CURVA CPVC JS BB 90 PN10 SCHEDULE 80 ASTM F439 NSF/ANSI STD 14&61 FDA 21 DE 32;60;;;pç;unidade impressa PÇ
059_p1_t0;059-SAA-0017-7471-PBHI-DE-0001ETAVILACDETPREDADM-R1.pdf;1;3;LABORATÓRIO;03;301083;BUCHA DE REDUCAO CURTA PVC-U JS PB PN750KPA NBR 5648 DE 32 DE 25;10;;;pç;
059_p1_t0;059-SAA-0017-7471-PBHI-DE-0001ETAVILACDETPREDADM-R1.pdf;1;4;LABORATÓRIO;04;300385;TUBO CPVC SCH80 SOLDAVEL PN10 P/ TUBULACAO DE25MM ASTM F441 NSF/ANSI STD 14&61 FDA 21 DE 25;10;;;pç;descricao em 2 linhas
059_p1_t0;059-SAA-0017-7471-PBHI-DE-0001ETAVILACDETPREDADM-R1.pdf;1;5;LABORATÓRIO;05;301338;LUVA PVC-U JS BOLSA/ROSCA LATAO PN750KPA NBR 5648 DE 25 POL 3/4”;10;;;pç;aspas tipograficas ” no fim
059_p1_t0;059-SAA-0017-7471-PBHI-DE-0001ETAVILACDETPREDADM-R1.pdf;1;6;LABORATÓRIO;06;43508;"TORNEIRA EM LIGA DE COBRE POL 3/4""";10;;;pç;codigo de 5 digitos | aspas retas
059_p1_t0;059-SAA-0017-7471-PBHI-DE-0001ETAVILACDETPREDADM-R1.pdf;1;7;LABORATÓRIO;*07;AGUARDANDO;CUBA INOX 100x40x25 mm;02;;;pç;codigo eh texto AGUARDANDO | asterisco no item remete a nota * VER ESPECIFICACAO TECNICA
059_p1_t0;059-SAA-0017-7471-PBHI-DE-0001ETAVILACDETPREDADM-R1.pdf;1;8;ITENS GERAIS;S/N;302026;PECA ESPECIAL EM ACO INOX AISI 316 FABRICADA CONFORME DESENHO (FIXAÇÃO TUBOS DE AMOSTRA TIPO 1);04 / 96,48;;;cj / kg;qtd e unidade empilhadas (04 CJ sobre 96,48 Kg) | descricao em 2 linhas
059_p1_t0;059-SAA-0017-7471-PBHI-DE-0001ETAVILACDETPREDADM-R1.pdf;1;9;ITENS GERAIS;S/N;302026;PECA ESPECIAL EM ACO INOX AISI 316 FABRICADA CONFORME DESENHO (FIXAÇÃO TUBOS DE AMOSTRA TIPO 2);07 / 62,20;;;cj / kg;qtd e unidade empilhadas (07 CJ sobre 62,20 Kg)
060_p1_t0;060-SAA-0017-7471-PBHI-DE-0001ETAVILACCANALETASDET-R2.pdf;1;1;GRADES;01;314918;GRADE DE PISO PRFV OU ACO INOX 316 VAO 0,6 X 0,6M GR 0,8X0,8M G1;39;;;pç;"seção GRADES impressa acima do cabeçalho (títulos: RELAÇÃO DE MATERIAIS / ETA VILA C); unidade impressa PÇ; tag G1 impresso à direita dentro da célula de descrição, separado por grande espaço"
060_p1_t0;060-SAA-0017-7471-PBHI-DE-0001ETAVILACCANALETASDET-R2.pdf;1;2;GRADES;*02;314918;GRADE DE PISO PRFV OU ACO INOX 316 VAO 0,6 X 0,6M GR 0,8X0,8M G1;01;;;pç;"tag G1 impresso à direita dentro da célula de descrição, separado por grande espaço; asterisco remete à nota ""* CORTAR NA OBRA"" (rodapé, não é item)"
060_p1_t0;060-SAA-0017-7471-PBHI-DE-0001ETAVILACCANALETASDET-R2.pdf;1;3;GRADES;03;314922;GRADE DE PISO PRFV OU ACO INOX 316 VAO 0,8 X 0,8M GR 1,0X1,0M G2;17;;;pç;tag G2 impresso à direita dentro da célula de descrição, separado por grande espaço
060_p1_t0;060-SAA-0017-7471-PBHI-DE-0001ETAVILACCANALETASDET-R2.pdf;1;4;GRADES;04;314921;GRADE DE PISO PRFV OU ACO INOX 316 VAO 0,7 X 0,7M GR 0,9X0,9M G3;41;;;pç;tag G3 impresso à direita dentro da célula de descrição, separado por grande espaço
060_p1_t0;060-SAA-0017-7471-PBHI-DE-0001ETAVILACCANALETASDET-R2.pdf;1;5;GRADES;*05;314921;GRADE DE PISO PRFV OU ACO INOX 316 VAO 0,7 X 0,7M GR 0,9X0,9M G3;03;;;pç;"tag G3 impresso à direita dentro da célula de descrição, separado por grande espaço; asterisco remete à nota ""* CORTAR NA OBRA"" (rodapé, não é item)"
060_p1_t0;060-SAA-0017-7471-PBHI-DE-0001ETAVILACCANALETASDET-R2.pdf;1;6;GRADES;06;314928;GRADE DE PISO PRFV OU ACO INOX 316 VAO 0,4 X 0,4M GR 0,6X0,6M G4;299;;;pç;tag G4 impresso à direita dentro da célula de descrição, separado por grande espaço
060_p1_t0;060-SAA-0017-7471-PBHI-DE-0001ETAVILACCANALETASDET-R2.pdf;1;7;GRADES;*07;314928;GRADE DE PISO PRFV OU ACO INOX 316 VAO 0,4 X 0,4M GR 0,6X0,6M G4;09;;;pç;"tag G4 impresso à direita dentro da célula de descrição, separado por grande espaço; asterisco remete à nota ""* CORTAR NA OBRA"" (rodapé, não é item)"
060_p1_t0;060-SAA-0017-7471-PBHI-DE-0001ETAVILACCANALETASDET-R2.pdf;1;8;GRADES;08;314908;GRADE DE PISO PRFV OU ACO INOX 316 VAO 0,4 X 0,8M GR 0,6X1,0M G5;01;;;pç;tag G5 impresso à direita dentro da célula de descrição, separado por grande espaço
060_p1_t0;060-SAA-0017-7471-PBHI-DE-0001ETAVILACCANALETASDET-R2.pdf;1;9;GRADES;09;314927;GRADE DE PISO PRFV OU ACO INOX 316 VAO 1,0 X 1,0M GR 1,2X1,2M G6;30;;;pç;tag G6 impresso à direita dentro da célula de descrição, separado por grande espaço
060_p1_t0;060-SAA-0017-7471-PBHI-DE-0001ETAVILACCANALETASDET-R2.pdf;1;10;GRADES;*10;314927;GRADE DE PISO PRFV OU ACO INOX 316 VAO 1,0 X 1,0M GR 1,2X1,2M G6;01;;;pç;"tag G6 impresso à direita dentro da célula de descrição, separado por grande espaço; asterisco remete à nota ""* CORTAR NA OBRA"" (rodapé, não é item)"
060_p1_t0;060-SAA-0017-7471-PBHI-DE-0001ETAVILACCANALETASDET-R2.pdf;1;11;GRADES;11;314912;GRADE DE PISO PRFV OU ACO INOX 316 VAO 0,5 X 0,6M GR 0,7X0,8M G7;04;;;pç;tag G7 impresso à direita dentro da célula de descrição, separado por grande espaço
060_p1_t0;060-SAA-0017-7471-PBHI-DE-0001ETAVILACCANALETASDET-R2.pdf;1;12;GRADES;12;314916;GRADE DE PISO PRFV OU ACO INOX 316 VAO 0,5 X 1,0M GR 0,7X1,2M G8;02;;;pç;tag G8 impresso à direita dentro da célula de descrição, separado por grande espaço
060_p1_t0;060-SAA-0017-7471-PBHI-DE-0001ETAVILACCANALETASDET-R2.pdf;1;13;GRADES;*13;314932;GRADE DE PISO PRFV OU ACO INOX 316 VAO 0,8 X 1,0M GR 1,0X1,2M G9;01;;;pç;"tag G9 impresso à direita dentro da célula de descrição, separado por grande espaço; asterisco remete à nota ""* CORTAR NA OBRA"" (rodapé, não é item)"
060_p1_t0;060-SAA-0017-7471-PBHI-DE-0001ETAVILACCANALETASDET-R2.pdf;1;14;GRADES;*14;314923;GRADE DE PISO PRFV OU ACO INOX 316 VAO 0,7 X 1,0M GR 0,9X1,2M G9;01;;;pç;"tag G9 impresso à direita dentro da célula de descrição, separado por grande espaço; asterisco remete à nota ""* CORTAR NA OBRA"" (rodapé, não é item)"
060_p1_t0;060-SAA-0017-7471-PBHI-DE-0001ETAVILACCANALETASDET-R2.pdf;1;15;GRADES;15;314929;GRADE DE PISO PRFV OU ACO INOX 316 VAO 0,4 X 0,5M GR 0,6X0,7M G10;01;;;pç;tag G10 impresso à direita dentro da célula de descrição, separado por grande espaço
060_p1_t0;060-SAA-0017-7471-PBHI-DE-0001ETAVILACCANALETASDET-R2.pdf;1;16;GRADES;*16;314929;GRADE DE PISO PRFV OU ACO INOX 316 VAO 0,4 X 0,5M GR 0,6X0,7M G10;02;;;pç;"tag G10 impresso à direita dentro da célula de descrição, separado por grande espaço; asterisco remete à nota ""* CORTAR NA OBRA"" (rodapé, não é item)"
060_p1_t0;060-SAA-0017-7471-PBHI-DE-0001ETAVILACCANALETASDET-R2.pdf;1;17;GRADES;17;314918;GRADE DE PISO PRFV OU ACO INOX 316 VAO 0,6 X 0,6M GR 0,8X0,8M G11;05;;;pç;tag G11 impresso à direita dentro da célula de descrição, separado por grande espaço
060_p1_t0;060-SAA-0017-7471-PBHI-DE-0001ETAVILACCANALETASDET-R2.pdf;1;18;GRADES;*18;314918;GRADE DE PISO PRFV OU ACO INOX 316 VAO 0,6 X 0,6M GR 0,8X0,8M G11;01;;;pç;"tag G11 impresso à direita dentro da célula de descrição, separado por grande espaço; asterisco remete à nota ""* CORTAR NA OBRA"" (rodapé, não é item)"
060_p1_t0;060-SAA-0017-7471-PBHI-DE-0001ETAVILACCANALETASDET-R2.pdf;1;19;GRADES;*19;314930;GRADE DE PISO PRFV OU ACO INOX 316 VAO 0,6 X 0,7M GR 0,8X0,9M G11;01;;;pç;"tag G11 impresso à direita dentro da célula de descrição, separado por grande espaço; asterisco remete à nota ""* CORTAR NA OBRA"" (rodapé, não é item)"
060_p1_t0;060-SAA-0017-7471-PBHI-DE-0001ETAVILACCANALETASDET-R2.pdf;1;20;GRADES;20;314925;GRADE DE PISO PRFV OU ACO INOX 316 VAO 0,9 X 0,9M GR 1,1X1,1M G13;14;;;pç;tag G13 impresso à direita dentro da célula de descrição, separado por grande espaço
060_p1_t0;060-SAA-0017-7471-PBHI-DE-0001ETAVILACCANALETASDET-R2.pdf;1;21;GRADES;*21;314925;GRADE DE PISO PRFV OU ACO INOX 316 VAO 0,9 X 0,9M GR 1,1X1,1M G13;02;;;pç;"tag G13 impresso à direita dentro da célula de descrição, separado por grande espaço; asterisco remete à nota ""* CORTAR NA OBRA"" (rodapé, não é item)"
065_p1_t0;065-SAA-0017-7471-PBHI-DE-0001ETAVILACESTTRATOLOEX-R1.pdf;1;1;EQUIPAMENTOS;*01;-;"TALHA MANUAL DE CORRENTE COM TROLEY - CAPACIDADE DE 2000KG ALTURA DE ELEVACAO 5450 MM MONOVIA VIGA ""I"" 10750 MM COMPRIMENTO";01;;;pç;"secao abaixo do título ETA VILA C; impresso VIGA "" I "" com espaços dentro das aspas (normalizado para ""I"")"
065_p1_t0;065-SAA-0017-7471-PBHI-DE-0001ETAVILACESTTRATOLOEX-R1.pdf;1;2;EQUIPAMENTOS;*02;-;"TALHA MANUAL DE CORRENTE COM TROLEY - CAPACIDADE DE 2000KG ALTURA DE ELEVACAO 2120 MM MONOVIA VIGA ""I"" 6800 MM COMPRIMENTO";01;;;pç;"impresso VIGA "" I "" com espaços dentro das aspas (normalizado para ""I"")"
065_p1_t0;065-SAA-0017-7471-PBHI-DE-0001ETAVILACESTTRATOLOEX-R1.pdf;1;3;EQUIPAMENTOS;03;302103;GUARDA CORPO PRFV;8,50;;;m;
065_p1_t0;065-SAA-0017-7471-PBHI-DE-0001ETAVILACESTTRATOLOEX-R1.pdf;1;4;ESQUADRIAS;J1;-;JANELA BASCULANTE - ALUMÍNIO ANODIZADO - 200x100cm;01;;;pç;"seção com cabeçalho de colunas repetido; item alfanumérico J1"
065_p1_t0;065-SAA-0017-7471-PBHI-DE-0001ETAVILACESTTRATOLOEX-R1.pdf;1;5;ESQUADRIAS;P1;-;PORTA BASCULANTE - 02 FOLHAS - ALUMÍNIO ANODIZADO - 140x210cm;01;;;pç;item alfanumérico P1
065_p1_t0;065-SAA-0017-7471-PBHI-DE-0001ETAVILACESTTRATOLOEX-R1.pdf;1;6;ESQUADRIAS;P2;-;PORTA BASCULANTE - 02 FOLHAS - ALUMÍNIO ANODIZADO - 200x210cm (VER DETALHE);01;;;pç;item alfanumérico P2
066_p1_t0;066-SAA-0017-7471-PBHI-DE-0001ETAVILACESTTRATOLOEX-R1.pdf;1;1;;20;301428;VALVULA ESFERA DUPLA UNIAO MANUAL PVC SCH80 JS PN16 DE 32MM EN ISO 16135 NSF/ANSI STD 14&61 FDA 21;29;;;pç;"descrição em 2 linhas (quebra antes de ""21"")"
066_p1_t0;066-SAA-0017-7471-PBHI-DE-0001ETAVILACESTTRATOLOEX-R1.pdf;1;2;;21;300890;TUBO PVC SCH80 JS PN10 DE32MM ASTM D1785 NSF/ANSI STD 14&61 FDA 21;40,00;;;m;
066_p1_t0;066-SAA-0017-7471-PBHI-DE-0001ETAVILACESTTRATOLOEX-R1.pdf;1;3;;22;301361;TE PVC SCH80 JS PN10 DE32MM ASTM D2467 NSF/ANSI STD 14&61 FDA 21;09;;;pç;
066_p1_t0;066-SAA-0017-7471-PBHI-DE-0001ETAVILACESTTRATOLOEX-R1.pdf;1;4;;23;301260;JOELHO PVC JS 90 SCH80 PN10 DE32MM ASTM D2467 NSF/ANSI STD 14&61 FDA 21;27;;;pç;
066_p1_t0;066-SAA-0017-7471-PBHI-DE-0001ETAVILACESTTRATOLOEX-R1.pdf;1;5;;24;301386;ADAPTADOR ROSCA NPT/MACHO ESPIGAO PVC SCH80 JS PN10 DE 32MM ASTM D2467 NSF/ANSI STD 14&61 FDA 21;14;;;pç;descrição em 2 linhas
066_p1_t0;066-SAA-0017-7471-PBHI-DE-0001ETAVILACESTTRATOLOEX-R1.pdf;1;6;;25;309096;VALVULA CONTROLE PRESSAO DUPLA UNIAO PVC SCH80 ASTM D1785/2467 DIAFRAGMA PTFE VEDACAO EPDM PN10 0,5 A 9BAR SAIDA PARA MANOMETRO OPCIONAL DE 32;04;;;pç;descrição em 2 linhas
066_p1_t0;066-SAA-0017-7471-PBHI-DE-0001ETAVILACESTTRATOLOEX-R1.pdf;1;7;;26;309077;MANGUEIRA PVDF PARA DOSADORAS DI 9MM DE 12MM;40,00;;;m;
066_p1_t0;066-SAA-0017-7471-PBHI-DE-0001ETAVILACESTTRATOLOEX-R1.pdf;1;8;;27;310154;BOMBAS DOSADORAS DE POLÍMERO (PARA MODS. TRATAMENTO MICRO AREIA 360 L/S E 600 L/S) - 1ª ETAPA;04;;;pç;
066_p1_t0;066-SAA-0017-7471-PBHI-DE-0001ETAVILACESTTRATOLOEX-R1.pdf;1;9;;28;310154;BOMBAS DOSADORAS DE POLÍMERO (PARA ADENSADORES DE LODO) - 2ª ETAPA;03;;;pç;"linha inteira em texto magenta (cor de revisão/2a etapa); OCR perdeu a linha"
066_p1_t0;066-SAA-0017-7471-PBHI-DE-0001ETAVILACESTTRATOLOEX-R1.pdf;1;10;;**29;328050;PREPARADOR DE POLÍMERO (REF. ProMinet Ultromat Ulfa AT 1000 OU SIMILAR HOMOLOGADO) Q: até 1000 L/h - 1ª ETAPA;02;;;pç;"item com dois asteriscos; caixa mista (ProMinet, até, L/h); ""Ulfa"" com U e l em negrito"
066_p1_t0;066-SAA-0017-7471-PBHI-DE-0001ETAVILACESTTRATOLOEX-R1.pdf;1;11;;30;308025;CRUZETA PVC JS SCH80 PN10 DE32mm ASTM D2467 NSF/ANSI STD 14&61 FDA 21;02;;;pç;"""mm"" minúsculo no impresso"
066_p1_t1;066-SAA-0017-7471-PBHI-DE-0001ETAVILACESTTRATOLOEX-R1.pdf;1;1;;40;301428;VALVULA ESFERA DUPLA UNIAO MANUAL PVC SCH80 JS PN16 DE 32MM EN ISO 16135 NSF/ANSI STD 14&61 FDA 21;06;;;pç;titulo em caixa DESCARGA POLIMERO CLARIFICADO | descricao em 2 linhas | 14&61 impresso assim (provavel erro do projetista para 14861, transcrito como impresso)
066_p1_t1;066-SAA-0017-7471-PBHI-DE-0001ETAVILACESTTRATOLOEX-R1.pdf;1;2;;41;300890;TUBO PVC SCH80 JS PN10 DE32MM ASTM D1785 NSF/ANSI STD 14&61 FDA 21;12,00;;;m;
066_p1_t1;066-SAA-0017-7471-PBHI-DE-0001ETAVILACESTTRATOLOEX-R1.pdf;1;3;;42;301260;JOELHO PVC JS 90 SCH80 PN10 DE32MM ASTM D2467 NSF/ANSI STD 14&61 FDA 21;07;;;pç;
066_p1_t1;066-SAA-0017-7471-PBHI-DE-0001ETAVILACESTTRATOLOEX-R1.pdf;1;4;;43;300911;REDUCAO PVC SCH80 JS PN10 DE50 X 32MM ASTM D2467 NSF/ANSI STD 14&61 FDA 21;03;;;pç;
066_p1_t1;066-SAA-0017-7471-PBHI-DE-0001ETAVILACESTTRATOLOEX-R1.pdf;1;5;;44;301363;TE PVC SCH80 JS PN10 DE50MM ASTM D2467 NSF/ANSI STD 14&61 FDA 21;02;;;pç;
066_p1_t1;066-SAA-0017-7471-PBHI-DE-0001ETAVILACESTTRATOLOEX-R1.pdf;1;6;;45;300912;REDUCAO PVC SCH80 JS PN10 DE50 X 40MM ASTM D2467 NSF/ANSI STD 14&61 FDA 21;03;;;pç;
066_p1_t1;066-SAA-0017-7471-PBHI-DE-0001ETAVILACESTTRATOLOEX-R1.pdf;1;7;;46;300891;TUBO PVC SCH80 JS PN10 DE40MM ASTM D1785 NSF/ANSI STD 14&61 FDA 21;6,00;;;m;
066_p1_t1;066-SAA-0017-7471-PBHI-DE-0001ETAVILACESTTRATOLOEX-R1.pdf;1;8;;47;301261;JOELHO PVC JS 90 SCH80 PN10 DE40MM ASTM D2467 NSF/ANSI STD 14&61 FDA 21;09;;;pç;
066_p1_t1;066-SAA-0017-7471-PBHI-DE-0001ETAVILACESTTRATOLOEX-R1.pdf;1;9;;48;300892;TUBO PVC SCH80 JS PN10 DE50MM ASTM D1785 NSF/ANSI STD 14&61 FDA 21;10,00;;;m;
066_p1_t1;066-SAA-0017-7471-PBHI-DE-0001ETAVILACESTTRATOLOEX-R1.pdf;1;10;;49;301262;JOELHO PVC JS 90º SCH80 PN10 DE50MM ASTM D2467 NSF/ANSI STD 14&61 FDA 21;03;;;pç;
066_p1_t1;066-SAA-0017-7471-PBHI-DE-0001ETAVILACESTTRATOLOEX-R1.pdf;1;11;;50;-;TE REDUCAO PVC SCH80 JS PN10 DE50 X 32MM ASTM D2467 NSF/ANSI STD 14&61 FDA 21;06;;;pç;codigo impresso como hifen
066_p1_t1;066-SAA-0017-7471-PBHI-DE-0001ETAVILACESTTRATOLOEX-R1.pdf;1;12;;51;301262;JOELHO PVC JS 90º SCH80 PN10 DE50MM ASTM D2467 NSF/ANSI STD 14&61 FDA 21;02;;;pç;mesmo codigo do item 49 | nota de rodape * VER ESPECIFICACAO TECNICA abaixo da tabela
066_p1_t2;066-SAA-0017-7471-PBHI-DE-0001ETAVILACESTTRATOLOEX-R1.pdf;1;1;ÁGUA LIMPA PARA AS DOSADORAS/ÁGUA LIMPA PARA OS PREPARADORES DE POLÍMERO;01;308964;TUBO PVC-U JS PB PN750KPA NBR 5648 (3M) DE 32 DN 25;18,00;;;m;secao abaixo do título ETA VILA C
066_p1_t2;066-SAA-0017-7471-PBHI-DE-0001ETAVILACESTTRATOLOEX-R1.pdf;1;2;ÁGUA LIMPA PARA AS DOSADORAS/ÁGUA LIMPA PARA OS PREPARADORES DE POLÍMERO;02;-;TE 45° PVC-U JS BB PN750KPA NBR 5648 DE 32;01;;;pç;símbolo de grau °
066_p1_t2;066-SAA-0017-7471-PBHI-DE-0001ETAVILACESTTRATOLOEX-R1.pdf;1;3;ÁGUA LIMPA PARA AS DOSADORAS/ÁGUA LIMPA PARA OS PREPARADORES DE POLÍMERO;03;301442;VALVULA RETENCAO DUPLA UNIAO FECHA COM 1MCA PVC SCH80 JS PN16 DE 32MM EN ISO 16137 NSF/ANSI STD 14&61 FDA 21;03;;;pç;"""1MCA"" sem espaço visível (espaçamento estreito do PDF)"
066_p1_t2;066-SAA-0017-7471-PBHI-DE-0001ETAVILACESTTRATOLOEX-R1.pdf;1;4;ÁGUA LIMPA PARA AS DOSADORAS/ÁGUA LIMPA PARA OS PREPARADORES DE POLÍMERO;04;308977;JOELHO 90° PVC-U JS BB PN750KPA NBR 5648 DE 32;04;;;pç;símbolo de grau °
066_p1_t2;066-SAA-0017-7471-PBHI-DE-0001ETAVILACESTTRATOLOEX-R1.pdf;1;5;ÁGUA LIMPA PARA AS DOSADORAS/ÁGUA LIMPA PARA OS PREPARADORES DE POLÍMERO;05;308972;JOELHO 45° PVC-U JS BB PN750KPA NBR 5648 DE 32;01;;;pç;símbolo de grau °
066_p1_t2;066-SAA-0017-7471-PBHI-DE-0001ETAVILACESTTRATOLOEX-R1.pdf;1;6;ÁGUA LIMPA PARA AS DOSADORAS/ÁGUA LIMPA PARA OS PREPARADORES DE POLÍMERO;06;301428;VALVULA ESFERA DUPLA UNIAO MANUAL PVC SCH80 JS PN16 DE 32MM EN ISO 16135 NSF/ANSI STD 14&61 FDA 21;03;;;pç;
066_p1_t2;066-SAA-0017-7471-PBHI-DE-0001ETAVILACESTTRATOLOEX-R1.pdf;1;7;ÁGUA LIMPA PARA AS DOSADORAS/ÁGUA LIMPA PARA OS PREPARADORES DE POLÍMERO;07;31445;"TE FG BSP POL 1""";02;;;pç;código de 5 dígitos
066_p1_t2;066-SAA-0017-7471-PBHI-DE-0001ETAVILACESTTRATOLOEX-R1.pdf;1;8;ÁGUA LIMPA PARA AS DOSADORAS/ÁGUA LIMPA PARA OS PREPARADORES DE POLÍMERO;08;306723;TUBO ACO CARBONO GALVANIZADO A FOGO CLASSE PRESSAO MEDIA COM COSTURA LONGITUDINAL 6M ROSCA BSP 1 POL;18,00;;;m;"""1 POL"" com espaço estreito"
066_p1_t2;066-SAA-0017-7471-PBHI-DE-0001ETAVILACESTTRATOLOEX-R1.pdf;1;9;ÁGUA LIMPA PARA AS DOSADORAS/ÁGUA LIMPA PARA OS PREPARADORES DE POLÍMERO;09;29700;"COTOVELO FG BSP POL 1""";05;;;pç;código de 5 dígitos
066_p1_t2;066-SAA-0017-7471-PBHI-DE-0001ETAVILACESTTRATOLOEX-R1.pdf;1;10;ÁGUA LIMPA PARA AS DOSADORAS/ÁGUA LIMPA PARA OS PREPARADORES DE POLÍMERO;10;30902;"NIPLE FG BSP POL 1""";03;;;pç;código de 5 dígitos
